▲ Next.js 16.3.0
- Local:         http://localhost:3000
- Network:       http://192.168.1.215:3000
✓ Ready in 431ms
✓ Running next.config.ts took 884ms
[proxy] / protected= true hasCookie= false
[proxy] / protected= true hasCookie= true
⚠ metadataBase property in metadata export is not set for resolving social open graph or twitter images, using "http://localhost:3000". See https://nextjs.org/docs/app/api-reference/functions/generate-metadata#metadatabase
[proxy] /about protected= false hasCookie= true
[proxy] /about protected= false hasCookie= true
[proxy] /sandbox/index.html protected= false hasCookie= true
[proxy] /vendor/p5.min.js protected= false hasCookie= false
[proxy] /sandbox/index.html protected= false hasCookie= true
[proxy] /vendor/p5.min.js protected= false hasCookie= false
[proxy] /sandbox/index.html protected= false hasCookie= true
[proxy] /vendor/p5.min.js protected= false hasCookie= false
[proxy] /api/assets/field-lines protected= false hasCookie= true
[proxy] /sandbox/index.html protected= false hasCookie= true
[proxy] /vendor/p5.min.js protected= false hasCookie= false
[proxy] /sandbox/index.html protected= false hasCookie= true
[proxy] /vendor/p5.min.js protected= false hasCookie= false
[proxy] /sandbox/index.html protected= false hasCookie= true
[proxy] /vendor/p5.min.js protected= false hasCookie= false
▲ Next.js 16.3.0
- Local:         http://localhost:3000
- Network:       http://192.168.1.215:3000
✓ Ready in 255ms
✓ Running next.config.ts took 44ms
[proxy] / protected= true hasCookie= true
⚠ metadataBase property in metadata export is not set for resolving social open graph or twitter images, using "http://localhost:3000". See https://nextjs.org/docs/app/api-reference/functions/generate-metadata#metadatabase
[proxy] /about protected= false hasCookie= true
[proxy] /about protected= false hasCookie= true
[proxy] /sandbox/index.html protected= false hasCookie= true
[proxy] /vendor/p5.min.js protected= false hasCookie= false
[proxy] /api/boards/default/items/default:cddb5f86-c9c0-4329-ada3-f7dadb42cc03:field-lines protected= false hasCookie= true
[proxy] /api/boards/default/items/default:cddb5f86-c9c0-4329-ada3-f7dadb42cc03:field-lines protected= false hasCookie= true
[proxy] /api/boards/default/items/default:cddb5f86-c9c0-4329-ada3-f7dadb42cc03:field-lines protected= false hasCookie= true
[proxy] /api/boards/default/items/default:cddb5f86-c9c0-4329-ada3-f7dadb42cc03:field-lines protected= false hasCookie= true
[proxy] /api/boards/default/items/default:cddb5f86-c9c0-4329-ada3-f7dadb42cc03:field-lines protected= false hasCookie= true
[proxy] /api/boards/default/items/default:cddb5f86-c9c0-4329-ada3-f7dadb42cc03:field-lines protected= false hasCookie= true
[proxy] /api/boards/default/items/default:cddb5f86-c9c0-4329-ada3-f7dadb42cc03:field-lines protected= false hasCookie= true
[proxy] /api/boards/default/items/default:cddb5f86-c9c0-4329-ada3-f7dadb42cc03:field-lines protected= false hasCookie= true
[proxy] /api/boards/default/items/default:cddb5f86-c9c0-4329-ada3-f7dadb42cc03:field-lines protected= false hasCookie= true
[proxy] /api/boards/default/items/default:cddb5f86-c9c0-4329-ada3-f7dadb42cc03:field-lines protected= false hasCookie= true
[proxy] /api/boards/default/items/default:cddb5f86-c9c0-4329-ada3-f7dadb42cc03:field-lines protected= false hasCookie= true
[proxy] /api/boards/default/items/default:cddb5f86-c9c0-4329-ada3-f7dadb42cc03:field-lines protected= false hasCookie= true
[proxy] /api/boards/default/items/default:cddb5f86-c9c0-4329-ada3-f7dadb42cc03:field-lines protected= false hasCookie= true
[proxy] /api/boards/default/items/default:cddb5f86-c9c0-4329-ada3-f7dadb42cc03:field-lines protected= false hasCookie= true
[proxy] /sounds/interpol-pad.wav protected= false hasCookie= true
[proxy] /api/boards/default/items/default:cddb5f86-c9c0-4329-ada3-f7dadb42cc03:acid-melt protected= false hasCookie= true
[proxy] /api/boards/default/items/default:cddb5f86-c9c0-4329-ada3-f7dadb42cc03:acid-melt protected= false hasCookie= true
[proxy] /api/boards/default/items/default:cddb5f86-c9c0-4329-ada3-f7dadb42cc03:acid-melt protected= false hasCookie= true
[proxy] /api/boards/default/items/default:cddb5f86-c9c0-4329-ada3-f7dadb42cc03:acid-melt protected= false hasCookie= true
[proxy] /api/boards/default/items/default:cddb5f86-c9c0-4329-ada3-f7dadb42cc03:acid-melt protected= false hasCookie= true
[proxy] /api/boards/default/items/default:cddb5f86-c9c0-4329-ada3-f7dadb42cc03:acid-melt protected= false hasCookie= true
[proxy] /api/boards/default/items/default:cddb5f86-c9c0-4329-ada3-f7dadb42cc03:acid-melt protected= false hasCookie= true
[proxy] /api/boards/default/items/default:cddb5f86-c9c0-4329-ada3-f7dadb42cc03:acid-melt protected= false hasCookie= true
[proxy] /api/boards/default/items/default:cddb5f86-c9c0-4329-ada3-f7dadb42cc03:acid-melt protected= false hasCookie= true
[proxy] /api/boards/default/items/default:cddb5f86-c9c0-4329-ada3-f7dadb42cc03:acid-melt protected= false hasCookie= true
[proxy] /api/boards/default/items/default:cddb5f86-c9c0-4329-ada3-f7dadb42cc03:acid-melt protected= false hasCookie= true
[proxy] /api/boards/default/items/default:cddb5f86-c9c0-4329-ada3-f7dadb42cc03:acid-melt protected= false hasCookie= true
[proxy] /api/boards/default/items/default:cddb5f86-c9c0-4329-ada3-f7dadb42cc03:acid-melt protected= false hasCookie= true
[proxy] /api/boards/default/items/default:cddb5f86-c9c0-4329-ada3-f7dadb42cc03:acid-melt protected= false hasCookie= true
▲ Next.js 16.3.0
- Local:         http://localhost:3000
- Network:       http://192.168.1.215:3000
✓ Ready in 273ms
✓ Running next.config.ts took 50ms
[proxy] / protected= true hasCookie= true
⚠ metadataBase property in metadata export is not set for resolving social open graph or twitter images, using "http://localhost:3000". See https://nextjs.org/docs/app/api-reference/functions/generate-metadata#metadatabase
[proxy] /about protected= false hasCookie= true
[proxy] /about protected= false hasCookie= true
[proxy] /sandbox/index.html protected= false hasCookie= true
[proxy] /vendor/p5.min.js protected= false hasCookie= false
[proxy] /sandbox/index.html protected= false hasCookie= true
[proxy] /vendor/p5.min.js protected= false hasCookie= false
[proxy] /api/boards/default/items/default:cddb5f86-c9c0-4329-ada3-f7dadb42cc03:field-lines protected= false hasCookie= true
[proxy] /api/boards/default/items/default:cddb5f86-c9c0-4329-ada3-f7dadb42cc03:field-lines protected= false hasCookie= true
[proxy] /api/boards/default/items/default:cddb5f86-c9c0-4329-ada3-f7dadb42cc03:field-lines protected= false hasCookie= true
[proxy] /api/boards/default/items/default:cddb5f86-c9c0-4329-ada3-f7dadb42cc03:acid-melt protected= false hasCookie= true
[proxy] /api/boards/default/items/default:cddb5f86-c9c0-4329-ada3-f7dadb42cc03:acid-melt protected= false hasCookie= true
[proxy] /api/boards/default/items/default:cddb5f86-c9c0-4329-ada3-f7dadb42cc03:acid-melt protected= false hasCookie= true
[proxy] /api/boards/default/items/default:cddb5f86-c9c0-4329-ada3-f7dadb42cc03:acid-melt protected= false hasCookie= true
[proxy] /api/boards/default/items/default:cddb5f86-c9c0-4329-ada3-f7dadb42cc03:acid-melt protected= false hasCookie= true
[proxy] /api/boards/default/items/default:cddb5f86-c9c0-4329-ada3-f7dadb42cc03:acid-melt protected= false hasCookie= true
[proxy] /sounds/interpol-pad.wav protected= false hasCookie= true
[proxy] /api/boards/default/items/default:cddb5f86-c9c0-4329-ada3-f7dadb42cc03:acid-melt protected= false hasCookie= true
[proxy] /api/boards/default/items/default:cddb5f86-c9c0-4329-ada3-f7dadb42cc03:acid-melt protected= false hasCookie= true
[proxy] /api/boards/default/items/default:cddb5f86-c9c0-4329-ada3-f7dadb42cc03:acid-melt protected= false hasCookie= true
[proxy] /api/boards/default/items/default:cddb5f86-c9c0-4329-ada3-f7dadb42cc03:acid-melt protected= false hasCookie= true
[proxy] /api/boards/default/items/default:cddb5f86-c9c0-4329-ada3-f7dadb42cc03:acid-melt protected= false hasCookie= true
[proxy] /api/boards/default/items/default:cddb5f86-c9c0-4329-ada3-f7dadb42cc03:acid-melt protected= false hasCookie= true
[proxy] /about protected= false hasCookie= true
[proxy] /sandbox/index.html protected= false hasCookie= true
[proxy] /about protected= false hasCookie= true
[proxy] /vendor/p5.min.js protected= false hasCookie= false
[proxy] /api/boards/default/items/default:cddb5f86-c9c0-4329-ada3-f7dadb42cc03:field-lines protected= false hasCookie= true
[proxy] /api/boards/default/items/default:cddb5f86-c9c0-4329-ada3-f7dadb42cc03:field-lines protected= false hasCookie= true
[proxy] /api/boards/default/items/default:cddb5f86-c9c0-4329-ada3-f7dadb42cc03:field-lines protected= false hasCookie= true
[proxy] /api/boards/default/items/default:cddb5f86-c9c0-4329-ada3-f7dadb42cc03:field-lines protected= false hasCookie= true
[proxy] /api/boards/default/items/default:cddb5f86-c9c0-4329-ada3-f7dadb42cc03:field-lines protected= false hasCookie= true
▲ Next.js 16.3.0
- Local:         http://localhost:3000
- Network:       http://192.168.1.215:3000
✓ Ready in 285ms
✓ Running next.config.ts took 52ms
[proxy] / protected= true hasCookie= true
⚠ metadataBase property in metadata export is not set for resolving social open graph or twitter images, using "http://localhost:3000". See https://nextjs.org/docs/app/api-reference/functions/generate-metadata#metadatabase
[proxy] /about protected= false hasCookie= true
[proxy] /about protected= false hasCookie= true
[proxy] /sandbox/index.html protected= false hasCookie= true
[proxy] /vendor/p5.min.js protected= false hasCookie= false
[proxy] /api/boards/default/items/default:cddb5f86-c9c0-4329-ada3-f7dadb42cc03:field-lines protected= false hasCookie= true
[proxy] /api/boards/default/items/default:cddb5f86-c9c0-4329-ada3-f7dadb42cc03:field-lines protected= false hasCookie= true
[proxy] /api/boards/default/items/default:cddb5f86-c9c0-4329-ada3-f7dadb42cc03:field-lines protected= false hasCookie= true
[proxy] /api/boards/default/items/default:cddb5f86-c9c0-4329-ada3-f7dadb42cc03:field-lines protected= false hasCookie= true
[proxy] /api/boards/default/items/default:cddb5f86-c9c0-4329-ada3-f7dadb42cc03:field-lines protected= false hasCookie= true
[proxy] /api/boards/default/items/default:cddb5f86-c9c0-4329-ada3-f7dadb42cc03:field-lines protected= false hasCookie= true
[proxy] /api/boards/default/items/default:cddb5f86-c9c0-4329-ada3-f7dadb42cc03:field-lines protected= false hasCookie= true
[proxy] /api/boards/default/items/default:cddb5f86-c9c0-4329-ada3-f7dadb42cc03:field-lines protected= false hasCookie= true
[proxy] /api/boards/default/items/default:cddb5f86-c9c0-4329-ada3-f7dadb42cc03:field-lines protected= false hasCookie= true
[proxy] /api/boards/default/items/default:cddb5f86-c9c0-4329-ada3-f7dadb42cc03:field-lines protected= false hasCookie= true
[proxy] /api/boards/default/items/default:cddb5f86-c9c0-4329-ada3-f7dadb42cc03:field-lines protected= false hasCookie= true
[proxy] /sandbox/index.html protected= false hasCookie= true
[proxy] /vendor/p5.min.js protected= false hasCookie= false
[proxy] /api/boards/default/items/default:cddb5f86-c9c0-4329-ada3-f7dadb42cc03:acid-melt protected= false hasCookie= true
[proxy] /api/boards/default/items/default:cddb5f86-c9c0-4329-ada3-f7dadb42cc03:acid-melt protected= false hasCookie= true
[proxy] /api/boards/default/items/default:cddb5f86-c9c0-4329-ada3-f7dadb42cc03:acid-melt protected= false hasCookie= true
[proxy] /api/boards/default/items/default:cddb5f86-c9c0-4329-ada3-f7dadb42cc03:acid-melt protected= false hasCookie= true
[proxy] /api/boards/default/items/default:cddb5f86-c9c0-4329-ada3-f7dadb42cc03:acid-melt protected= false hasCookie= true
[proxy] /api/boards/default/items/default:cddb5f86-c9c0-4329-ada3-f7dadb42cc03:acid-melt protected= false hasCookie= true
[proxy] /api/boards/default/items/default:cddb5f86-c9c0-4329-ada3-f7dadb42cc03:acid-melt protected= false hasCookie= true
[proxy] /api/boards/default/items/default:cddb5f86-c9c0-4329-ada3-f7dadb42cc03:acid-melt protected= false hasCookie= true
[proxy] /api/boards/default/items/default:cddb5f86-c9c0-4329-ada3-f7dadb42cc03:acid-melt protected= false hasCookie= true
[proxy] /api/boards/default/items/default:cddb5f86-c9c0-4329-ada3-f7dadb42cc03:acid-melt protected= false hasCookie= true
[proxy] /api/boards/default/items/default:cddb5f86-c9c0-4329-ada3-f7dadb42cc03:acid-melt protected= false hasCookie= true
[proxy] /api/boards/default/items/default:cddb5f86-c9c0-4329-ada3-f7dadb42cc03:acid-melt protected= false hasCookie= true
[proxy] /api/boards/default/items/default:cddb5f86-c9c0-4329-ada3-f7dadb42cc03:acid-melt protected= false hasCookie= true
[proxy] /api/boards/default/items/default:cddb5f86-c9c0-4329-ada3-f7dadb42cc03:acid-melt protected= false hasCookie= true
[proxy] /api/boards/default/items/default:cddb5f86-c9c0-4329-ada3-f7dadb42cc03:acid-melt protected= false hasCookie= true
[proxy] /api/boards/default/items/default:cddb5f86-c9c0-4329-ada3-f7dadb42cc03:acid-melt protected= false hasCookie= true
[proxy] /api/boards/default/items/default:cddb5f86-c9c0-4329-ada3-f7dadb42cc03:acid-melt protected= false hasCookie= true
[proxy] /api/boards/default/items/default:cddb5f86-c9c0-4329-ada3-f7dadb42cc03:acid-melt protected= false hasCookie= true
[proxy] /api/boards/default/items/default:cddb5f86-c9c0-4329-ada3-f7dadb42cc03:acid-melt protected= false hasCookie= true
[proxy] /api/boards/default/items/default:cddb5f86-c9c0-4329-ada3-f7dadb42cc03:acid-melt protected= false hasCookie= true
[proxy] /api/boards/default/items/default:cddb5f86-c9c0-4329-ada3-f7dadb42cc03:acid-melt protected= false hasCookie= true
[proxy] /api/boards/default/items/default:cddb5f86-c9c0-4329-ada3-f7dadb42cc03:acid-melt protected= false hasCookie= true
[proxy] /api/boards/default/items/default:cddb5f86-c9c0-4329-ada3-f7dadb42cc03:acid-melt protected= false hasCookie= true
[proxy] /api/boards/default/items/default:cddb5f86-c9c0-4329-ada3-f7dadb42cc03:acid-melt protected= false hasCookie= true
[proxy] /api/boards/default/items/default:cddb5f86-c9c0-4329-ada3-f7dadb42cc03:acid-melt protected= false hasCookie= true
[proxy] /api/boards/default/items/default:cddb5f86-c9c0-4329-ada3-f7dadb42cc03:acid-melt protected= false hasCookie= true
[proxy] /api/boards/default/items/default:cddb5f86-c9c0-4329-ada3-f7dadb42cc03:acid-melt protected= false hasCookie= true
[proxy] /api/boards/default/items/default:cddb5f86-c9c0-4329-ada3-f7dadb42cc03:acid-melt protected= false hasCookie= true
[proxy] /api/boards/default/items/default:cddb5f86-c9c0-4329-ada3-f7dadb42cc03:acid-melt protected= false hasCookie= true
[proxy] /api/boards/default/items/default:cddb5f86-c9c0-4329-ada3-f7dadb42cc03:acid-melt protected= false hasCookie= true
[proxy] /api/boards/default/items/default:cddb5f86-c9c0-4329-ada3-f7dadb42cc03:acid-melt protected= false hasCookie= true
[proxy] /api/boards/default/items/default:cddb5f86-c9c0-4329-ada3-f7dadb42cc03:acid-melt protected= false hasCookie= true
[proxy] /api/boards/default/items/default:cddb5f86-c9c0-4329-ada3-f7dadb42cc03:acid-melt protected= false hasCookie= true
[proxy] /api/boards/default/items/default:cddb5f86-c9c0-4329-ada3-f7dadb42cc03:acid-melt protected= false hasCookie= true
[proxy] /api/boards/default/items/default:cddb5f86-c9c0-4329-ada3-f7dadb42cc03:acid-melt protected= false hasCookie= true
[proxy] /api/boards/default/items/default:cddb5f86-c9c0-4329-ada3-f7dadb42cc03:acid-melt protected= false hasCookie= true
[proxy] /api/boards/default/items/default:cddb5f86-c9c0-4329-ada3-f7dadb42cc03:acid-melt protected= false hasCookie= true
[proxy] /api/boards/default/items/default:cddb5f86-c9c0-4329-ada3-f7dadb42cc03:acid-melt protected= false hasCookie= true
[proxy] /api/boards/default/items/default:cddb5f86-c9c0-4329-ada3-f7dadb42cc03:acid-melt protected= false hasCookie= true
[proxy] /api/boards/default/items/default:cddb5f86-c9c0-4329-ada3-f7dadb42cc03:acid-melt protected= false hasCookie= true
[proxy] /api/boards/default/items/default:cddb5f86-c9c0-4329-ada3-f7dadb42cc03:acid-melt protected= false hasCookie= true
[proxy] /sounds/interpol-pad.wav protected= false hasCookie= true
[proxy] /api/boards/default/items/default:cddb5f86-c9c0-4329-ada3-f7dadb42cc03:acid-melt protected= false hasCookie= true
[proxy] /api/boards/default/items/default:cddb5f86-c9c0-4329-ada3-f7dadb42cc03:acid-melt protected= false hasCookie= true
[proxy] /api/boards/default/items/default:cddb5f86-c9c0-4329-ada3-f7dadb42cc03:acid-melt protected= false hasCookie= true
[proxy] /api/boards/default/items/default:cddb5f86-c9c0-4329-ada3-f7dadb42cc03:acid-melt protected= false hasCookie= true
[proxy] /api/boards/default/items/default:cddb5f86-c9c0-4329-ada3-f7dadb42cc03:acid-melt protected= false hasCookie= true
[proxy] /api/boards/default/items/default:cddb5f86-c9c0-4329-ada3-f7dadb42cc03:acid-melt protected= false hasCookie= true
[proxy] /api/boards/default/items/default:cddb5f86-c9c0-4329-ada3-f7dadb42cc03:acid-melt protected= false hasCookie= true
[proxy] /api/boards/default/items/default:cddb5f86-c9c0-4329-ada3-f7dadb42cc03:acid-melt protected= false hasCookie= true
[proxy] /api/boards/default/items/default:cddb5f86-c9c0-4329-ada3-f7dadb42cc03:acid-melt protected= false hasCookie= true
[proxy] /api/boards/default/items/default:cddb5f86-c9c0-4329-ada3-f7dadb42cc03:acid-melt protected= false hasCookie= true
[proxy] /api/boards/default/items/default:cddb5f86-c9c0-4329-ada3-f7dadb42cc03:acid-melt protected= false hasCookie= true
[proxy] /api/boards/default/items/default:cddb5f86-c9c0-4329-ada3-f7dadb42cc03:acid-melt protected= false hasCookie= true
[proxy] /api/boards/default/items/default:cddb5f86-c9c0-4329-ada3-f7dadb42cc03:acid-melt protected= false hasCookie= true
[proxy] /api/boards/default/items/default:cddb5f86-c9c0-4329-ada3-f7dadb42cc03:acid-melt protected= false hasCookie= true
[proxy] /api/boards/default/items/default:cddb5f86-c9c0-4329-ada3-f7dadb42cc03:acid-melt protected= false hasCookie= true
[proxy] /api/boards/default/items/default:cddb5f86-c9c0-4329-ada3-f7dadb42cc03:acid-melt protected= false hasCookie= true
[proxy] /api/boards/default/items/default:cddb5f86-c9c0-4329-ada3-f7dadb42cc03:acid-melt protected= false hasCookie= true
[proxy] /api/boards/default/items/default:cddb5f86-c9c0-4329-ada3-f7dadb42cc03:acid-melt protected= false hasCookie= true
[proxy] /api/boards/default/items/default:cddb5f86-c9c0-4329-ada3-f7dadb42cc03:acid-melt protected= false hasCookie= true
[proxy] /api/boards/default/items/default:cddb5f86-c9c0-4329-ada3-f7dadb42cc03:acid-melt protected= false hasCookie= true
[proxy] /api/boards/default/items/default:cddb5f86-c9c0-4329-ada3-f7dadb42cc03:acid-melt protected= false hasCookie= true
[proxy] /api/boards/default/items/default:cddb5f86-c9c0-4329-ada3-f7dadb42cc03:acid-melt protected= false hasCookie= true
[proxy] /api/boards/default/items/default:cddb5f86-c9c0-4329-ada3-f7dadb42cc03:acid-melt protected= false hasCookie= true
[proxy] /api/boards/default/items/default:cddb5f86-c9c0-4329-ada3-f7dadb42cc03:acid-melt protected= false hasCookie= true
[proxy] /api/boards/default/items/default:cddb5f86-c9c0-4329-ada3-f7dadb42cc03:acid-melt protected= false hasCookie= true
[proxy] /api/boards/default/items/default:cddb5f86-c9c0-4329-ada3-f7dadb42cc03:acid-melt protected= false hasCookie= true
[proxy] /api/boards/default/items/default:cddb5f86-c9c0-4329-ada3-f7dadb42cc03:acid-melt protected= false hasCookie= true
[proxy] /api/boards/default/items/default:cddb5f86-c9c0-4329-ada3-f7dadb42cc03:acid-melt protected= false hasCookie= true
[proxy] /api/boards/default/items/default:cddb5f86-c9c0-4329-ada3-f7dadb42cc03:acid-melt protected= false hasCookie= true
[proxy] /api/boards/default/items/default:cddb5f86-c9c0-4329-ada3-f7dadb42cc03:acid-melt protected= false hasCookie= true
[proxy] /api/boards/default/items/default:cddb5f86-c9c0-4329-ada3-f7dadb42cc03:acid-melt protected= false hasCookie= true
[proxy] /api/boards/default/items/default:cddb5f86-c9c0-4329-ada3-f7dadb42cc03:acid-melt protected= false hasCookie= true
[proxy] /api/boards/default/items/default:cddb5f86-c9c0-4329-ada3-f7dadb42cc03:acid-melt protected= false hasCookie= true
[proxy] /api/boards/default/items/default:cddb5f86-c9c0-4329-ada3-f7dadb42cc03:acid-melt protected= false hasCookie= true
[proxy] /api/boards/default/items/default:cddb5f86-c9c0-4329-ada3-f7dadb42cc03:acid-melt protected= false hasCookie= true
[proxy] /api/boards/default/items/default:cddb5f86-c9c0-4329-ada3-f7dadb42cc03:acid-melt protected= false hasCookie= true
[proxy] /api/boards/default/items/default:cddb5f86-c9c0-4329-ada3-f7dadb42cc03:acid-melt protected= false hasCookie= true
[proxy] /api/boards/default/items/default:cddb5f86-c9c0-4329-ada3-f7dadb42cc03:acid-melt protected= false hasCookie= true
[proxy] /api/boards/default/items/default:cddb5f86-c9c0-4329-ada3-f7dadb42cc03:acid-melt protected= false hasCookie= true
[proxy] /api/boards/default/items/default:cddb5f86-c9c0-4329-ada3-f7dadb42cc03:acid-melt protected= false hasCookie= true
[proxy] /api/boards/default/items/default:cddb5f86-c9c0-4329-ada3-f7dadb42cc03:acid-melt protected= false hasCookie= true
[proxy] /api/boards/default/items/default:cddb5f86-c9c0-4329-ada3-f7dadb42cc03:acid-melt protected= false hasCookie= true
[proxy] /api/boards/default/items/default:cddb5f86-c9c0-4329-ada3-f7dadb42cc03:acid-melt protected= false hasCookie= true
[proxy] /api/boards/default/items/default:cddb5f86-c9c0-4329-ada3-f7dadb42cc03:acid-melt protected= false hasCookie= true
[proxy] /about protected= false hasCookie= true
[proxy] /about protected= false hasCookie= true
[proxy] /sandbox/index.html protected= false hasCookie= true
[proxy] /vendor/p5.min.js protected= false hasCookie= false
[proxy] /api/boards/default/items/default:cddb5f86-c9c0-4329-ada3-f7dadb42cc03:field-lines protected= false hasCookie= true
[proxy] /api/boards/default/items/default:cddb5f86-c9c0-4329-ada3-f7dadb42cc03:field-lines protected= false hasCookie= true
[proxy] /api/boards/default/items/default:cddb5f86-c9c0-4329-ada3-f7dadb42cc03:field-lines protected= false hasCookie= true
[proxy] /api/boards/default/items/default:cddb5f86-c9c0-4329-ada3-f7dadb42cc03:acid-melt protected= false hasCookie= true
[proxy] /api/boards/default/items/default:cddb5f86-c9c0-4329-ada3-f7dadb42cc03:acid-melt protected= false hasCookie= true
[proxy] /api/boards/default/items/default:cddb5f86-c9c0-4329-ada3-f7dadb42cc03:acid-melt protected= false hasCookie= true
[proxy] /api/boards/default/items/default:cddb5f86-c9c0-4329-ada3-f7dadb42cc03:acid-melt protected= false hasCookie= true
[proxy] /api/boards/default/items/default:cddb5f86-c9c0-4329-ada3-f7dadb42cc03:acid-melt protected= false hasCookie= true
[proxy] /api/boards/default/items/default:cddb5f86-c9c0-4329-ada3-f7dadb42cc03:acid-melt protected= false hasCookie= true
[proxy] /api/boards/default/items/default:cddb5f86-c9c0-4329-ada3-f7dadb42cc03:acid-melt protected= false hasCookie= true
[proxy] /api/boards/default/items/default:cddb5f86-c9c0-4329-ada3-f7dadb42cc03:acid-melt protected= false hasCookie= true
[proxy] /api/boards/default/items/default:cddb5f86-c9c0-4329-ada3-f7dadb42cc03:acid-melt protected= false hasCookie= true
[proxy] /api/boards/default/items/default:cddb5f86-c9c0-4329-ada3-f7dadb42cc03:acid-melt protected= false hasCookie= true
[proxy] /api/boards/default/items/default:cddb5f86-c9c0-4329-ada3-f7dadb42cc03:acid-melt protected= false hasCookie= true
[proxy] /api/boards/default/items/default:cddb5f86-c9c0-4329-ada3-f7dadb42cc03:acid-melt protected= false hasCookie= true
[proxy] /api/boards/default/items/default:cddb5f86-c9c0-4329-ada3-f7dadb42cc03:acid-melt protected= false hasCookie= true
[proxy] /api/boards/default/items/default:cddb5f86-c9c0-4329-ada3-f7dadb42cc03:acid-melt protected= false hasCookie= true
[proxy] /api/boards/default/items/default:cddb5f86-c9c0-4329-ada3-f7dadb42cc03:acid-melt protected= false hasCookie= true
[proxy] /api/boards/default/items/default:cddb5f86-c9c0-4329-ada3-f7dadb42cc03:acid-melt protected= false hasCookie= true
[proxy] /api/boards/default/items/default:cddb5f86-c9c0-4329-ada3-f7dadb42cc03:acid-melt protected= false hasCookie= true
[proxy] /api/boards/default/items/default:cddb5f86-c9c0-4329-ada3-f7dadb42cc03:acid-melt protected= false hasCookie= true
[proxy] /about protected= false hasCookie= true
[proxy] /about protected= false hasCookie= true
▲ Next.js 16.3.0
- Local:         http://localhost:3000
- Network:       http://192.168.1.215:3000
✓ Ready in 258ms
✓ Running next.config.ts took 108ms
[proxy] / protected= true hasCookie= false
[proxy] / protected= true hasCookie= true
⚠ metadataBase property in metadata export is not set for resolving social open graph or twitter images, using "http://localhost:3000". See https://nextjs.org/docs/app/api-reference/functions/generate-metadata#metadatabase
[proxy] /about protected= false hasCookie= true
[proxy] /about protected= false hasCookie= true
[proxy] /sandbox/index.html protected= false hasCookie= true
[proxy] /vendor/p5.min.js protected= false hasCookie= false
[proxy] /sandbox/index.html protected= false hasCookie= true
[proxy] /vendor/p5.min.js protected= false hasCookie= false
[proxy] /api/boards/default/items/default:cddb5f86-c9c0-4329-ada3-f7dadb42cc03:field-lines protected= false hasCookie= true
[proxy] /api/boards/default/items/default:cddb5f86-c9c0-4329-ada3-f7dadb42cc03:field-lines protected= false hasCookie= true
[proxy] /api/boards/default/items/default:cddb5f86-c9c0-4329-ada3-f7dadb42cc03:field-lines protected= false hasCookie= true
[proxy] /api/boards/default/items/default:cddb5f86-c9c0-4329-ada3-f7dadb42cc03:field-lines protected= false hasCookie= true
[proxy] /api/boards/default/items/default:cddb5f86-c9c0-4329-ada3-f7dadb42cc03:field-lines protected= false hasCookie= true
[proxy] /api/boards/default/items/default:cddb5f86-c9c0-4329-ada3-f7dadb42cc03:field-lines protected= false hasCookie= true
[proxy] /api/boards/default/items/default:cddb5f86-c9c0-4329-ada3-f7dadb42cc03:field-lines protected= false hasCookie= true
[proxy] /api/boards/default/items/default:cddb5f86-c9c0-4329-ada3-f7dadb42cc03:field-lines protected= false hasCookie= true
[proxy] /api/boards/default/items/default:cddb5f86-c9c0-4329-ada3-f7dadb42cc03:field-lines protected= false hasCookie= true
[proxy] /api/boards/default/items/default:cddb5f86-c9c0-4329-ada3-f7dadb42cc03:field-lines protected= false hasCookie= true
[proxy] /api/boards/default/items/default:cddb5f86-c9c0-4329-ada3-f7dadb42cc03:acid-melt protected= false hasCookie= true
[proxy] /sounds/interpol-pad.wav protected= false hasCookie= true
[proxy] /api/boards/default/items/default:cddb5f86-c9c0-4329-ada3-f7dadb42cc03:acid-melt protected= false hasCookie= true
[proxy] /api/boards/default/items/default:cddb5f86-c9c0-4329-ada3-f7dadb42cc03:acid-melt protected= false hasCookie= true
[proxy] /api/boards/default/items/default:cddb5f86-c9c0-4329-ada3-f7dadb42cc03:acid-melt protected= false hasCookie= true
[proxy] /api/boards/default/items/default:cddb5f86-c9c0-4329-ada3-f7dadb42cc03:acid-melt protected= false hasCookie= true
[proxy] /api/boards/default/items/default:cddb5f86-c9c0-4329-ada3-f7dadb42cc03:acid-melt protected= false hasCookie= true
[proxy] /api/boards/default/items/default:cddb5f86-c9c0-4329-ada3-f7dadb42cc03:acid-melt protected= false hasCookie= true
▲ Next.js 16.3.0
- Local:         http://localhost:3000
- Network:       http://192.168.1.215:3000
✓ Ready in 458ms
✓ Running next.config.ts took 762ms
[proxy] / protected= true hasCookie= false
[proxy] / protected= true hasCookie= true
⚠ metadataBase property in metadata export is not set for resolving social open graph or twitter images, using "http://localhost:3000". See https://nextjs.org/docs/app/api-reference/functions/generate-metadata#metadatabase
[proxy] /about protected= false hasCookie= true
[proxy] /about protected= false hasCookie= true
[proxy] /sandbox/index.html protected= false hasCookie= true
[proxy] /vendor/p5.min.js protected= false hasCookie= false
[proxy] /sandbox/index.html protected= false hasCookie= true
[proxy] /vendor/p5.min.js protected= false hasCookie= false
[proxy] /sandbox/index.html protected= false hasCookie= true
[proxy] /vendor/p5.min.js protected= false hasCookie= false
[proxy] /api/assets/chorus-of-eyes protected= false hasCookie= true
[proxy] /api/boards/default/items/default:cddb5f86-c9c0-4329-ada3-f7dadb42cc03:chorus-of-eyes protected= false hasCookie= true
[proxy] /api/boards/default/items/default:cddb5f86-c9c0-4329-ada3-f7dadb42cc03:chorus-of-eyes protected= false hasCookie= true
[proxy] /api/boards/default/items/default:cddb5f86-c9c0-4329-ada3-f7dadb42cc03:chorus-of-eyes protected= false hasCookie= true
[proxy] /api/boards/default/items/default:cddb5f86-c9c0-4329-ada3-f7dadb42cc03:chorus-of-eyes protected= false hasCookie= true
[proxy] /api/boards/default/items/default:cddb5f86-c9c0-4329-ada3-f7dadb42cc03:chorus-of-eyes protected= false hasCookie= true
[proxy] /api/boards/default/items/default:cddb5f86-c9c0-4329-ada3-f7dadb42cc03:chorus-of-eyes protected= false hasCookie= true
[proxy] /api/boards/default/items/default:cddb5f86-c9c0-4329-ada3-f7dadb42cc03:chorus-of-eyes protected= false hasCookie= true
[proxy] /api/boards/default/items/default:cddb5f86-c9c0-4329-ada3-f7dadb42cc03:chorus-of-eyes protected= false hasCookie= true
[proxy] /sounds/all-eyes.wav protected= false hasCookie= true
[proxy] /api/boards/default/items/default:cddb5f86-c9c0-4329-ada3-f7dadb42cc03:chorus-of-eyes protected= false hasCookie= true
[proxy] /api/boards/default/items/default:cddb5f86-c9c0-4329-ada3-f7dadb42cc03:chorus-of-eyes protected= false hasCookie= true
[proxy] /api/boards/default/items/default:cddb5f86-c9c0-4329-ada3-f7dadb42cc03:chorus-of-eyes protected= false hasCookie= true
[proxy] /api/boards/default/items/default:cddb5f86-c9c0-4329-ada3-f7dadb42cc03:chorus-of-eyes protected= false hasCookie= true
[proxy] /api/boards/default/items/default:cddb5f86-c9c0-4329-ada3-f7dadb42cc03:chorus-of-eyes protected= false hasCookie= true
[proxy] /api/boards/default/items/default:cddb5f86-c9c0-4329-ada3-f7dadb42cc03:chorus-of-eyes protected= false hasCookie= true
[proxy] /sandbox/index.html protected= false hasCookie= true
[proxy] /vendor/p5.min.js protected= false hasCookie= false
[proxy] /sandbox/index.html protected= false hasCookie= true
[proxy] /vendor/p5.min.js protected= false hasCookie= false
[proxy] /api/assets/cursor-ripple protected= false hasCookie= true
[proxy] /api/boards/default/items/default:cddb5f86-c9c0-4329-ada3-f7dadb42cc03:cursor-ripple protected= false hasCookie= true
[proxy] /api/boards/default/items/default:cddb5f86-c9c0-4329-ada3-f7dadb42cc03:cursor-ripple protected= false hasCookie= true
[proxy] /api/boards/default/items/default:cddb5f86-c9c0-4329-ada3-f7dadb42cc03:cursor-ripple protected= false hasCookie= true
[proxy] /api/boards/default/items/default:cddb5f86-c9c0-4329-ada3-f7dadb42cc03:cursor-ripple protected= false hasCookie= true
[proxy] /api/boards/default/items/default:cddb5f86-c9c0-4329-ada3-f7dadb42cc03:cursor-ripple protected= false hasCookie= true
[proxy] /sounds/bell-arp.wav protected= false hasCookie= true
[proxy] /api/boards/default/items/default:cddb5f86-c9c0-4329-ada3-f7dadb42cc03:cursor-ripple protected= false hasCookie= true
[proxy] /api/boards/default/items/default:cddb5f86-c9c0-4329-ada3-f7dadb42cc03:cursor-ripple protected= false hasCookie= true
[proxy] /api/boards/default/items/default:cddb5f86-c9c0-4329-ada3-f7dadb42cc03:cursor-ripple protected= false hasCookie= true
[proxy] /api/boards/default/items/default:cddb5f86-c9c0-4329-ada3-f7dadb42cc03:cursor-ripple protected= false hasCookie= true
[proxy] /api/boards/default/items/default:cddb5f86-c9c0-4329-ada3-f7dadb42cc03:cursor-ripple protected= false hasCookie= true
[proxy] /api/boards/default/items/default:cddb5f86-c9c0-4329-ada3-f7dadb42cc03:cursor-ripple protected= false hasCookie= true
[proxy] /about protected= false hasCookie= true
[proxy] /sandbox/index.html protected= false hasCookie= true
[proxy] /vendor/p5.min.js protected= false hasCookie= false
[proxy] /about protected= false hasCookie= true
[proxy] /api/boards/default/items/default:cddb5f86-c9c0-4329-ada3-f7dadb42cc03:static-choir protected= false hasCookie= true
[proxy] /api/boards/default/items/default:cddb5f86-c9c0-4329-ada3-f7dadb42cc03:static-choir protected= false hasCookie= true
[proxy] /api/boards/default/items/default:cddb5f86-c9c0-4329-ada3-f7dadb42cc03:static-choir protected= false hasCookie= true
[proxy] /api/boards/default/items/default:cddb5f86-c9c0-4329-ada3-f7dadb42cc03:static-choir protected= false hasCookie= true
[proxy] /api/boards/default/items/default:cddb5f86-c9c0-4329-ada3-f7dadb42cc03:static-choir protected= false hasCookie= true
[proxy] /api/boards/default/items/default:cddb5f86-c9c0-4329-ada3-f7dadb42cc03:static-choir protected= false hasCookie= true
[proxy] /api/boards/default/items/default:cddb5f86-c9c0-4329-ada3-f7dadb42cc03:static-choir protected= false hasCookie= true
[proxy] /api/boards/default/items/default:cddb5f86-c9c0-4329-ada3-f7dadb42cc03:static-choir protected= false hasCookie= true
[proxy] /api/boards/default/items/default:cddb5f86-c9c0-4329-ada3-f7dadb42cc03:static-choir protected= false hasCookie= true
[proxy] /sounds/dark-braam.wav protected= false hasCookie= true
[proxy] /api/boards/default/items/default:cddb5f86-c9c0-4329-ada3-f7dadb42cc03:static-choir protected= false hasCookie= true
[proxy] /api/boards/default/items/default:cddb5f86-c9c0-4329-ada3-f7dadb42cc03:static-choir protected= false hasCookie= true
[proxy] /api/boards/default/items/default:cddb5f86-c9c0-4329-ada3-f7dadb42cc03:static-choir protected= false hasCookie= true
[proxy] /api/boards/default/items/default:cddb5f86-c9c0-4329-ada3-f7dadb42cc03:static-choir protected= false hasCookie= true
[proxy] /api/boards/default/items/default:cddb5f86-c9c0-4329-ada3-f7dadb42cc03:static-choir protected= false hasCookie= true
[proxy] /sandbox/index.html protected= false hasCookie= true
[proxy] /vendor/p5.min.js protected= false hasCookie= false
[proxy] /sandbox/index.html protected= false hasCookie= true
[proxy] /vendor/p5.min.js protected= false hasCookie= false
[proxy] /api/boards/default/items/default:cddb5f86-c9c0-4329-ada3-f7dadb42cc03:star-field protected= false hasCookie= true
[proxy] /api/boards/default/items/default:cddb5f86-c9c0-4329-ada3-f7dadb42cc03:star-field protected= false hasCookie= true
[proxy] /api/boards/default/items/default:cddb5f86-c9c0-4329-ada3-f7dadb42cc03:star-field protected= false hasCookie= true
[proxy] /api/boards/default/items/default:cddb5f86-c9c0-4329-ada3-f7dadb42cc03:star-field protected= false hasCookie= true
[proxy] /api/boards/default/items/default:cddb5f86-c9c0-4329-ada3-f7dadb42cc03:star-field protected= false hasCookie= true
[proxy] /api/boards/default/items/default:cddb5f86-c9c0-4329-ada3-f7dadb42cc03:star-field protected= false hasCookie= true
[proxy] /api/boards/default/items/default:cddb5f86-c9c0-4329-ada3-f7dadb42cc03:star-field protected= false hasCookie= true
[proxy] /api/boards/default/items/default:cddb5f86-c9c0-4329-ada3-f7dadb42cc03:star-field protected= false hasCookie= true
[proxy] /sounds/discover-pad.wav protected= false hasCookie= true
[proxy] /api/boards/default/items/default:cddb5f86-c9c0-4329-ada3-f7dadb42cc03:star-field protected= false hasCookie= true
[proxy] /api/boards/default/items/default:cddb5f86-c9c0-4329-ada3-f7dadb42cc03:star-field protected= false hasCookie= true
[proxy] /sounds/jaded-pad.wav protected= false hasCookie= true
[proxy] /api/boards/default/items/default:cddb5f86-c9c0-4329-ada3-f7dadb42cc03:star-field protected= false hasCookie= true
[proxy] /api/boards/default/items/default:cddb5f86-c9c0-4329-ada3-f7dadb42cc03:star-field protected= false hasCookie= true
▲ Next.js 16.3.0
- Local:         http://localhost:3000
- Network:       http://192.168.1.215:3000
✓ Ready in 397ms
✓ Running next.config.ts took 910ms
[proxy] / protected= true hasCookie= true
⚠ metadataBase property in metadata export is not set for resolving social open graph or twitter images, using "http://localhost:3000". See https://nextjs.org/docs/app/api-reference/functions/generate-metadata#metadatabase
[proxy] /about protected= false hasCookie= true
[proxy] /about protected= false hasCookie= true
[proxy] /sandbox/index.html protected= false hasCookie= true
[proxy] /vendor/p5.min.js protected= false hasCookie= false
[proxy] /sandbox/index.html protected= false hasCookie= true
[proxy] /vendor/p5.min.js protected= false hasCookie= false
[proxy] /sounds/all-eyes.wav protected= false hasCookie= true
[proxy] /api/boards/default/items/default:cddb5f86-c9c0-4329-ada3-f7dadb42cc03:chorus-of-eyes protected= false hasCookie= true
[proxy] /api/boards/default/items/default:cddb5f86-c9c0-4329-ada3-f7dadb42cc03:chorus-of-eyes protected= false hasCookie= true
[proxy] /api/boards/default/items/default:cddb5f86-c9c0-4329-ada3-f7dadb42cc03:chorus-of-eyes protected= false hasCookie= true
[proxy] /api/boards/default/items/default:cddb5f86-c9c0-4329-ada3-f7dadb42cc03:chorus-of-eyes protected= false hasCookie= true
[proxy] /api/boards/default/items/default:cddb5f86-c9c0-4329-ada3-f7dadb42cc03:chorus-of-eyes protected= false hasCookie= true
[proxy] /api/boards/default/items/default:cddb5f86-c9c0-4329-ada3-f7dadb42cc03:chorus-of-eyes protected= false hasCookie= true
[proxy] /api/boards/default/items/default:cddb5f86-c9c0-4329-ada3-f7dadb42cc03:chorus-of-eyes protected= false hasCookie= true
[proxy] /api/boards/default/items/default:cddb5f86-c9c0-4329-ada3-f7dadb42cc03:chorus-of-eyes protected= false hasCookie= true
[proxy] /api/boards/default/items/default:cddb5f86-c9c0-4329-ada3-f7dadb42cc03:chorus-of-eyes protected= false hasCookie= true
[proxy] /api/boards/default/items/default:cddb5f86-c9c0-4329-ada3-f7dadb42cc03:chorus-of-eyes protected= false hasCookie= true
[proxy] /api/boards/default/items/default:cddb5f86-c9c0-4329-ada3-f7dadb42cc03:chorus-of-eyes protected= false hasCookie= true
[proxy] /api/boards/default/items/default:cddb5f86-c9c0-4329-ada3-f7dadb42cc03:chorus-of-eyes protected= false hasCookie= true
[proxy] /api/boards/default/items/default:cddb5f86-c9c0-4329-ada3-f7dadb42cc03:chorus-of-eyes protected= false hasCookie= true
[proxy] /about protected= false hasCookie= true
[proxy] /sandbox/index.html protected= false hasCookie= true
[proxy] /about protected= false hasCookie= true
[proxy] /vendor/p5.min.js protected= false hasCookie= false
[proxy] / protected= true hasCookie= true
[proxy] /about protected= false hasCookie= true
[proxy] /about protected= false hasCookie= true
[proxy] /sandbox/index.html protected= false hasCookie= true
[proxy] /vendor/p5.min.js protected= false hasCookie= false
[proxy] /sandbox/index.html protected= false hasCookie= true
[proxy] /vendor/p5.min.js protected= false hasCookie= false
[proxy] /sandbox/index.html protected= false hasCookie= true
[proxy] /vendor/p5.min.js protected= false hasCookie= false
[proxy] /sounds/dark-braam.wav protected= false hasCookie= true
[proxy] /api/boards/default/items/default:cddb5f86-c9c0-4329-ada3-f7dadb42cc03:static-choir protected= false hasCookie= true
[proxy] /api/boards/default/items/default:cddb5f86-c9c0-4329-ada3-f7dadb42cc03:static-choir protected= false hasCookie= true
[proxy] /api/boards/default/items/default:cddb5f86-c9c0-4329-ada3-f7dadb42cc03:static-choir protected= false hasCookie= true
[proxy] /api/boards/default/items/default:cddb5f86-c9c0-4329-ada3-f7dadb42cc03:static-choir protected= false hasCookie= true
[proxy] /api/boards/default/items/default:cddb5f86-c9c0-4329-ada3-f7dadb42cc03:static-choir protected= false hasCookie= true
[proxy] /api/boards/default/items/default:cddb5f86-c9c0-4329-ada3-f7dadb42cc03:static-choir protected= false hasCookie= true
[proxy] /api/boards/default/items/default:cddb5f86-c9c0-4329-ada3-f7dadb42cc03:static-choir protected= false hasCookie= true
[proxy] /api/boards/default/items/default:cddb5f86-c9c0-4329-ada3-f7dadb42cc03:static-choir protected= false hasCookie= true
[proxy] /api/boards/default/items/default:cddb5f86-c9c0-4329-ada3-f7dadb42cc03:static-choir protected= false hasCookie= true
[proxy] /api/boards/default/items/default:cddb5f86-c9c0-4329-ada3-f7dadb42cc03:static-choir protected= false hasCookie= true
[proxy] /api/boards/default/items/default:cddb5f86-c9c0-4329-ada3-f7dadb42cc03:static-choir protected= false hasCookie= true
[proxy] /api/boards/default/items/default:cddb5f86-c9c0-4329-ada3-f7dadb42cc03:static-choir protected= false hasCookie= true
[proxy] /api/boards/default/items/default:cddb5f86-c9c0-4329-ada3-f7dadb42cc03:static-choir protected= false hasCookie= true
[proxy] /api/boards/default/items/default:cddb5f86-c9c0-4329-ada3-f7dadb42cc03:static-choir protected= false hasCookie= true
[proxy] /api/boards/default/items/default:cddb5f86-c9c0-4329-ada3-f7dadb42cc03:static-choir protected= false hasCookie= true
[proxy] /api/boards/default/items/default:cddb5f86-c9c0-4329-ada3-f7dadb42cc03:static-choir protected= false hasCookie= true
[proxy] /api/boards/default/items/default:cddb5f86-c9c0-4329-ada3-f7dadb42cc03:static-choir protected= false hasCookie= true
[proxy] /api/boards/default/items/default:cddb5f86-c9c0-4329-ada3-f7dadb42cc03:static-choir protected= false hasCookie= true
[proxy] /api/boards/default/items/default:cddb5f86-c9c0-4329-ada3-f7dadb42cc03:static-choir protected= false hasCookie= true
[proxy] /api/boards/default/items/default:cddb5f86-c9c0-4329-ada3-f7dadb42cc03:static-choir protected= false hasCookie= true
[proxy] /api/boards/default/items/default:cddb5f86-c9c0-4329-ada3-f7dadb42cc03:static-choir protected= false hasCookie= true
[proxy] /api/boards/default/items/default:cddb5f86-c9c0-4329-ada3-f7dadb42cc03:static-choir protected= false hasCookie= true
[proxy] /api/boards/default/items/default:cddb5f86-c9c0-4329-ada3-f7dadb42cc03:static-choir protected= false hasCookie= true
[proxy] /api/boards/default/items/default:cddb5f86-c9c0-4329-ada3-f7dadb42cc03:static-choir protected= false hasCookie= true
[proxy] /api/boards/default/items/default:cddb5f86-c9c0-4329-ada3-f7dadb42cc03:static-choir protected= false hasCookie= true
[proxy] /api/boards/default/items/default:cddb5f86-c9c0-4329-ada3-f7dadb42cc03:static-choir protected= false hasCookie= true
[proxy] /api/boards/default/items/default:cddb5f86-c9c0-4329-ada3-f7dadb42cc03:static-choir protected= false hasCookie= true
[proxy] /api/boards/default/items/default:cddb5f86-c9c0-4329-ada3-f7dadb42cc03:static-choir protected= false hasCookie= true
[proxy] /api/boards/default/items/default:cddb5f86-c9c0-4329-ada3-f7dadb42cc03:static-choir protected= false hasCookie= true
[proxy] /api/boards/default/items/default:cddb5f86-c9c0-4329-ada3-f7dadb42cc03:static-choir protected= false hasCookie= true
[proxy] /api/boards/default/items/default:cddb5f86-c9c0-4329-ada3-f7dadb42cc03:static-choir protected= false hasCookie= true
[proxy] /api/boards/default/items/default:cddb5f86-c9c0-4329-ada3-f7dadb42cc03:static-choir protected= false hasCookie= true
[proxy] /api/boards/default/items/default:cddb5f86-c9c0-4329-ada3-f7dadb42cc03:static-choir protected= false hasCookie= true
[proxy] /api/boards/default/items/default:cddb5f86-c9c0-4329-ada3-f7dadb42cc03:static-choir protected= false hasCookie= true
[proxy] /api/boards/default/items/default:cddb5f86-c9c0-4329-ada3-f7dadb42cc03:static-choir protected= false hasCookie= true
[proxy] /api/boards/default/items/default:cddb5f86-c9c0-4329-ada3-f7dadb42cc03:static-choir protected= false hasCookie= true
[proxy] /api/boards/default/items/default:cddb5f86-c9c0-4329-ada3-f7dadb42cc03:static-choir protected= false hasCookie= true
[proxy] /api/boards/default/items/default:cddb5f86-c9c0-4329-ada3-f7dadb42cc03:static-choir protected= false hasCookie= true
[proxy] /api/boards/default/items/default:cddb5f86-c9c0-4329-ada3-f7dadb42cc03:static-choir protected= false hasCookie= true
[proxy] /api/boards/default/items/default:cddb5f86-c9c0-4329-ada3-f7dadb42cc03:static-choir protected= false hasCookie= true
[proxy] /api/boards/default/items/default:cddb5f86-c9c0-4329-ada3-f7dadb42cc03:static-choir protected= false hasCookie= true
[proxy] /api/boards/default/items/default:cddb5f86-c9c0-4329-ada3-f7dadb42cc03:static-choir protected= false hasCookie= true
[proxy] /api/boards/default/items/default:cddb5f86-c9c0-4329-ada3-f7dadb42cc03:static-choir protected= false hasCookie= true
[proxy] /api/boards/default/items/default:cddb5f86-c9c0-4329-ada3-f7dadb42cc03:static-choir protected= false hasCookie= true
[proxy] /api/boards/default/items/default:cddb5f86-c9c0-4329-ada3-f7dadb42cc03:static-choir protected= false hasCookie= true
[proxy] /about protected= false hasCookie= true
[proxy] /about protected= false hasCookie= true
[proxy] /sandbox/index.html protected= false hasCookie= true
[proxy] /vendor/p5.min.js protected= false hasCookie= false
[proxy] /sounds/jaded-pad.wav protected= false hasCookie= true
[proxy] /api/boards/default/items/default:cddb5f86-c9c0-4329-ada3-f7dadb42cc03:star-field protected= false hasCookie= true
[proxy] /api/boards/default/items/default:cddb5f86-c9c0-4329-ada3-f7dadb42cc03:star-field protected= false hasCookie= true
[proxy] /api/boards/default/items/default:cddb5f86-c9c0-4329-ada3-f7dadb42cc03:star-field protected= false hasCookie= true
[proxy] /api/boards/default/items/default:cddb5f86-c9c0-4329-ada3-f7dadb42cc03:star-field protected= false hasCookie= true
[proxy] /api/boards/default/items/default:cddb5f86-c9c0-4329-ada3-f7dadb42cc03:star-field protected= false hasCookie= true
[proxy] /api/boards/default/items/default:cddb5f86-c9c0-4329-ada3-f7dadb42cc03:star-field protected= false hasCookie= true
[proxy] /api/boards/default/items/default:cddb5f86-c9c0-4329-ada3-f7dadb42cc03:star-field protected= false hasCookie= true
[proxy] /api/boards/default/items/default:cddb5f86-c9c0-4329-ada3-f7dadb42cc03:star-field protected= false hasCookie= true
[proxy] /api/boards/default/items/default:cddb5f86-c9c0-4329-ada3-f7dadb42cc03:star-field protected= false hasCookie= true
[proxy] /api/boards/default/items/default:cddb5f86-c9c0-4329-ada3-f7dadb42cc03:star-field protected= false hasCookie= true
[proxy] /api/boards/default/items/default:cddb5f86-c9c0-4329-ada3-f7dadb42cc03:star-field protected= false hasCookie= true
[proxy] /api/boards/default/items/default:cddb5f86-c9c0-4329-ada3-f7dadb42cc03:star-field protected= false hasCookie= true
[proxy] /api/boards/default/items/default:cddb5f86-c9c0-4329-ada3-f7dadb42cc03:star-field protected= false hasCookie= true
[proxy] /api/boards/default/items/default:cddb5f86-c9c0-4329-ada3-f7dadb42cc03:star-field protected= false hasCookie= true
[proxy] /api/boards/default/items/default:cddb5f86-c9c0-4329-ada3-f7dadb42cc03:star-field protected= false hasCookie= true
[proxy] /api/boards/default/items/default:cddb5f86-c9c0-4329-ada3-f7dadb42cc03:star-field protected= false hasCookie= true
[proxy] /api/boards/default/items/default:cddb5f86-c9c0-4329-ada3-f7dadb42cc03:star-field protected= false hasCookie= true
[proxy] /api/boards/default/items/default:cddb5f86-c9c0-4329-ada3-f7dadb42cc03:star-field protected= false hasCookie= true
[proxy] /sounds/discover-pad.wav protected= false hasCookie= true
[proxy] /api/boards/default/items/default:cddb5f86-c9c0-4329-ada3-f7dadb42cc03:star-field protected= false hasCookie= true
[proxy] /api/boards/default/items/default:cddb5f86-c9c0-4329-ada3-f7dadb42cc03:star-field protected= false hasCookie= true
[proxy] /api/boards/default/items/default:cddb5f86-c9c0-4329-ada3-f7dadb42cc03:star-field protected= false hasCookie= true
[proxy] /api/boards/default/items/default:cddb5f86-c9c0-4329-ada3-f7dadb42cc03:star-field protected= false hasCookie= true
[proxy] /api/boards/default/items/default:cddb5f86-c9c0-4329-ada3-f7dadb42cc03:star-field protected= false hasCookie= true
[proxy] /api/boards/default/items/default:cddb5f86-c9c0-4329-ada3-f7dadb42cc03:star-field protected= false hasCookie= true
[proxy] /api/boards/default/items/default:cddb5f86-c9c0-4329-ada3-f7dadb42cc03:star-field protected= false hasCookie= true
[proxy] /api/boards/default/items/default:cddb5f86-c9c0-4329-ada3-f7dadb42cc03:star-field protected= false hasCookie= true
[proxy] /api/boards/default/items/default:cddb5f86-c9c0-4329-ada3-f7dadb42cc03:star-field protected= false hasCookie= true
[proxy] /api/boards/default/items/default:cddb5f86-c9c0-4329-ada3-f7dadb42cc03:star-field protected= false hasCookie= true
[proxy] /api/boards/default/items/default:cddb5f86-c9c0-4329-ada3-f7dadb42cc03:star-field protected= false hasCookie= true
[proxy] /api/boards/default/items/default:cddb5f86-c9c0-4329-ada3-f7dadb42cc03:star-field protected= false hasCookie= true
[proxy] /api/boards/default/items/default:cddb5f86-c9c0-4329-ada3-f7dadb42cc03:star-field protected= false hasCookie= true
[proxy] /api/boards/default/items/default:cddb5f86-c9c0-4329-ada3-f7dadb42cc03:star-field protected= false hasCookie= true
[proxy] /api/boards/default/items/default:cddb5f86-c9c0-4329-ada3-f7dadb42cc03:star-field protected= false hasCookie= true
[proxy] /api/boards/default/items/default:cddb5f86-c9c0-4329-ada3-f7dadb42cc03:star-field protected= false hasCookie= true
[proxy] /api/boards/default/items/default:cddb5f86-c9c0-4329-ada3-f7dadb42cc03:star-field protected= false hasCookie= true
[proxy] /about protected= false hasCookie= true
[proxy] /about protected= false hasCookie= true
[proxy] /sandbox/index.html protected= false hasCookie= true
[proxy] /vendor/p5.min.js protected= false hasCookie= false
[proxy] /sandbox/index.html protected= false hasCookie= true
[proxy] /vendor/p5.min.js protected= false hasCookie= false
[proxy] /sounds/bell-arp.wav protected= false hasCookie= true
[proxy] /api/boards/default/items/default:cddb5f86-c9c0-4329-ada3-f7dadb42cc03:cursor-ripple protected= false hasCookie= true
[proxy] /api/boards/default/items/default:cddb5f86-c9c0-4329-ada3-f7dadb42cc03:cursor-ripple protected= false hasCookie= true
[proxy] /api/boards/default/items/default:cddb5f86-c9c0-4329-ada3-f7dadb42cc03:cursor-ripple protected= false hasCookie= true
[proxy] /api/boards/default/items/default:cddb5f86-c9c0-4329-ada3-f7dadb42cc03:cursor-ripple protected= false hasCookie= true
[proxy] /sandbox/index.html protected= false hasCookie= true
[proxy] /vendor/p5.min.js protected= false hasCookie= false
[proxy] /sounds/all-eyes.wav protected= false hasCookie= true
[proxy] /api/boards/default/items/default:cddb5f86-c9c0-4329-ada3-f7dadb42cc03:chorus-of-eyes protected= false hasCookie= true
[proxy] /api/boards/default/items/default:cddb5f86-c9c0-4329-ada3-f7dadb42cc03:chorus-of-eyes protected= false hasCookie= true
[proxy] /api/boards/default/items/default:cddb5f86-c9c0-4329-ada3-f7dadb42cc03:chorus-of-eyes protected= false hasCookie= true
[proxy] /api/boards/default/items/default:cddb5f86-c9c0-4329-ada3-f7dadb42cc03:chorus-of-eyes protected= false hasCookie= true
[proxy] /api/boards/default/items/default:cddb5f86-c9c0-4329-ada3-f7dadb42cc03:chorus-of-eyes protected= false hasCookie= true
[proxy] /api/boards/default/items/default:cddb5f86-c9c0-4329-ada3-f7dadb42cc03:chorus-of-eyes protected= false hasCookie= true
[proxy] /api/boards/default/items/default:cddb5f86-c9c0-4329-ada3-f7dadb42cc03:chorus-of-eyes protected= false hasCookie= true
[proxy] /api/boards/default/items/default:cddb5f86-c9c0-4329-ada3-f7dadb42cc03:chorus-of-eyes protected= false hasCookie= true
[proxy] /about protected= false hasCookie= true
[proxy] /sandbox/index.html protected= false hasCookie= true
[proxy] /vendor/p5.min.js protected= false hasCookie= false
[proxy] /about protected= false hasCookie= true
[proxy] /api/boards/default/items/default:cddb5f86-c9c0-4329-ada3-f7dadb42cc03:static-choir protected= false hasCookie= true
[proxy] /api/boards/default/items/default:cddb5f86-c9c0-4329-ada3-f7dadb42cc03:static-choir protected= false hasCookie= true
[proxy] /api/boards/default/items/default:cddb5f86-c9c0-4329-ada3-f7dadb42cc03:static-choir protected= false hasCookie= true
[proxy] /api/boards/default/items/default:cddb5f86-c9c0-4329-ada3-f7dadb42cc03:static-choir protected= false hasCookie= true
[proxy] /api/boards/default/items/default:cddb5f86-c9c0-4329-ada3-f7dadb42cc03:static-choir protected= false hasCookie= true
[proxy] /api/boards/default/items/default:cddb5f86-c9c0-4329-ada3-f7dadb42cc03:static-choir protected= false hasCookie= true
[proxy] /api/boards/default/items/default:cddb5f86-c9c0-4329-ada3-f7dadb42cc03:static-choir protected= false hasCookie= true
[proxy] /api/boards/default/items/default:cddb5f86-c9c0-4329-ada3-f7dadb42cc03:static-choir protected= false hasCookie= true
[proxy] /api/boards/default/items/default:cddb5f86-c9c0-4329-ada3-f7dadb42cc03:static-choir protected= false hasCookie= true
[proxy] /api/boards/default/items/default:cddb5f86-c9c0-4329-ada3-f7dadb42cc03:static-choir protected= false hasCookie= true
[proxy] /api/boards/default/items/default:cddb5f86-c9c0-4329-ada3-f7dadb42cc03:static-choir protected= false hasCookie= true
[proxy] /api/boards/default/items/default:cddb5f86-c9c0-4329-ada3-f7dadb42cc03:static-choir protected= false hasCookie= true
[proxy] /api/boards/default/items/default:cddb5f86-c9c0-4329-ada3-f7dadb42cc03:static-choir protected= false hasCookie= true
[proxy] /api/boards/default/items/default:cddb5f86-c9c0-4329-ada3-f7dadb42cc03:static-choir protected= false hasCookie= true
[proxy] /api/boards/default/items/default:cddb5f86-c9c0-4329-ada3-f7dadb42cc03:static-choir protected= false hasCookie= true
[proxy] /api/boards/default/items/default:cddb5f86-c9c0-4329-ada3-f7dadb42cc03:static-choir protected= false hasCookie= true
[proxy] /api/boards/default/items/default:cddb5f86-c9c0-4329-ada3-f7dadb42cc03:static-choir protected= false hasCookie= true
[proxy] /api/boards/default/items/default:cddb5f86-c9c0-4329-ada3-f7dadb42cc03:static-choir protected= false hasCookie= true
[proxy] /api/boards/default/items/default:cddb5f86-c9c0-4329-ada3-f7dadb42cc03:static-choir protected= false hasCookie= true
[proxy] /api/boards/default/items/default:cddb5f86-c9c0-4329-ada3-f7dadb42cc03:static-choir protected= false hasCookie= true
[proxy] /api/boards/default/items/default:cddb5f86-c9c0-4329-ada3-f7dadb42cc03:static-choir protected= false hasCookie= true
[proxy] /about protected= false hasCookie= true
[proxy] /about protected= false hasCookie= true
⨯ Failed to start server
Error: listen EADDRINUSE: address already in use :::3000
    at <unknown> (Error: listen EADDRINUSE: address already in use :::3000)
    at new Promise (<anonymous>) {
  code: 'EADDRINUSE',
  errno: -48,
  syscall: 'listen',
  address: '::',
  port: 3000
}
⨯ Failed to start server
Error: listen EADDRINUSE: address already in use :::3000
    at <unknown> (Error: listen EADDRINUSE: address already in use :::3000)
    at new Promise (<anonymous>) {
  code: 'EADDRINUSE',
  errno: -48,
  syscall: 'listen',
  address: '::',
  port: 3000
}
▲ Next.js 16.3.0
- Local:         http://localhost:3000
- Network:       http://192.168.1.215:3000
✓ Ready in 268ms
✓ Running next.config.ts took 47ms
[proxy] / protected= true hasCookie= true
⚠ metadataBase property in metadata export is not set for resolving social open graph or twitter images, using "http://localhost:3000". See https://nextjs.org/docs/app/api-reference/functions/generate-metadata#metadatabase
[proxy] /about protected= false hasCookie= true
[proxy] /about protected= false hasCookie= true
[proxy] /sandbox/index.html protected= false hasCookie= true
[proxy] /vendor/p5.min.js protected= false hasCookie= false
[proxy] /api/assets/digital-matrix-shader protected= false hasCookie= true
[proxy] /sandbox/index.html protected= false hasCookie= true
[proxy] /vendor/p5.min.js protected= false hasCookie= false
[proxy] /api/assets/circuit-pulse protected= false hasCookie= true
[proxy] /api/boards/default/items/default:cddb5f86-c9c0-4329-ada3-f7dadb42cc03:circuit-pulse protected= false hasCookie= true
[proxy] /api/boards/default/items/default:cddb5f86-c9c0-4329-ada3-f7dadb42cc03:circuit-pulse protected= false hasCookie= true
[proxy] /api/boards/default/items/default:cddb5f86-c9c0-4329-ada3-f7dadb42cc03:circuit-pulse protected= false hasCookie= true
[proxy] /api/boards/default/items/default:cddb5f86-c9c0-4329-ada3-f7dadb42cc03:circuit-pulse protected= false hasCookie= true
[proxy] /api/boards/default/items/default:cddb5f86-c9c0-4329-ada3-f7dadb42cc03:circuit-pulse protected= false hasCookie= true
[proxy] /api/boards/default/items/default:cddb5f86-c9c0-4329-ada3-f7dadb42cc03:circuit-pulse protected= false hasCookie= true
[proxy] /api/boards/default/items/default:cddb5f86-c9c0-4329-ada3-f7dadb42cc03:circuit-pulse protected= false hasCookie= true
[proxy] /api/boards/default/items/default:cddb5f86-c9c0-4329-ada3-f7dadb42cc03:circuit-pulse protected= false hasCookie= true
[proxy] /api/boards/default/items/default:cddb5f86-c9c0-4329-ada3-f7dadb42cc03:circuit-pulse protected= false hasCookie= true
[proxy] /api/boards/default/items/default:cddb5f86-c9c0-4329-ada3-f7dadb42cc03:circuit-pulse protected= false hasCookie= true
[proxy] /api/boards/default/items/default:cddb5f86-c9c0-4329-ada3-f7dadb42cc03:circuit-pulse protected= false hasCookie= true
[proxy] /api/boards/default/items/default:cddb5f86-c9c0-4329-ada3-f7dadb42cc03:circuit-pulse protected= false hasCookie= true
[proxy] /api/boards/default/items/default:cddb5f86-c9c0-4329-ada3-f7dadb42cc03:circuit-pulse protected= false hasCookie= true
[proxy] /api/boards/default/items/default:cddb5f86-c9c0-4329-ada3-f7dadb42cc03:circuit-pulse protected= false hasCookie= true
[proxy] /api/boards/default/items/default:cddb5f86-c9c0-4329-ada3-f7dadb42cc03:circuit-pulse protected= false hasCookie= true
[proxy] /api/boards/default/items/default:cddb5f86-c9c0-4329-ada3-f7dadb42cc03:circuit-pulse protected= false hasCookie= true
[proxy] /api/boards/default/items/default:cddb5f86-c9c0-4329-ada3-f7dadb42cc03:circuit-pulse protected= false hasCookie= true
[proxy] /api/boards/default/items/default:cddb5f86-c9c0-4329-ada3-f7dadb42cc03:circuit-pulse protected= false hasCookie= true
[proxy] /api/boards/default/items/default:cddb5f86-c9c0-4329-ada3-f7dadb42cc03:circuit-pulse protected= false hasCookie= true
[proxy] /api/boards/default/items/default:cddb5f86-c9c0-4329-ada3-f7dadb42cc03:circuit-pulse protected= false hasCookie= true
[proxy] /api/boards/default/items/default:cddb5f86-c9c0-4329-ada3-f7dadb42cc03:circuit-pulse protected= false hasCookie= true
[proxy] /api/boards/default/items/default:cddb5f86-c9c0-4329-ada3-f7dadb42cc03:circuit-pulse protected= false hasCookie= true
[proxy] /api/assets/chromatic-glitch protected= false hasCookie= true
[proxy] /api/boards/default/items/default:cddb5f86-c9c0-4329-ada3-f7dadb42cc03:chromatic-glitch protected= false hasCookie= true
[proxy] /sandbox/index.html protected= false hasCookie= true
[proxy] /vendor/p5.min.js protected= false hasCookie= false
[proxy] /sandbox/index.html protected= false hasCookie= true
[proxy] /vendor/p5.min.js protected= false hasCookie= false
[proxy] /api/boards/default/items/default:cddb5f86-c9c0-4329-ada3-f7dadb42cc03:circuit-pulse protected= false hasCookie= true
[proxy] /api/boards/default/items/default:cddb5f86-c9c0-4329-ada3-f7dadb42cc03:circuit-pulse protected= false hasCookie= true
[proxy] /api/boards/default/items/default:cddb5f86-c9c0-4329-ada3-f7dadb42cc03:circuit-pulse protected= false hasCookie= true
[proxy] /api/boards/default/items/default:cddb5f86-c9c0-4329-ada3-f7dadb42cc03:circuit-pulse protected= false hasCookie= true
[proxy] /api/boards/default/items/default:cddb5f86-c9c0-4329-ada3-f7dadb42cc03:circuit-pulse protected= false hasCookie= true
[proxy] /api/boards/default/items/default:cddb5f86-c9c0-4329-ada3-f7dadb42cc03:circuit-pulse protected= false hasCookie= true
[proxy] /api/boards/default/items/default:cddb5f86-c9c0-4329-ada3-f7dadb42cc03:circuit-pulse protected= false hasCookie= true
[proxy] /api/boards/default/items/default:cddb5f86-c9c0-4329-ada3-f7dadb42cc03:circuit-pulse protected= false hasCookie= true
[proxy] /api/boards/default/items/default:cddb5f86-c9c0-4329-ada3-f7dadb42cc03:circuit-pulse protected= false hasCookie= true
[proxy] /api/boards/default/items/default:cddb5f86-c9c0-4329-ada3-f7dadb42cc03:circuit-pulse protected= false hasCookie= true
[proxy] /api/boards/default/items/default:cddb5f86-c9c0-4329-ada3-f7dadb42cc03:circuit-pulse protected= false hasCookie= true
[proxy] /api/boards/default/items/default:cddb5f86-c9c0-4329-ada3-f7dadb42cc03:circuit-pulse protected= false hasCookie= true
[proxy] /api/boards/default/items/default:cddb5f86-c9c0-4329-ada3-f7dadb42cc03:circuit-pulse protected= false hasCookie= true
[proxy] /api/boards/default/items/default:cddb5f86-c9c0-4329-ada3-f7dadb42cc03:circuit-pulse protected= false hasCookie= true
[proxy] /api/boards/default/items/default:cddb5f86-c9c0-4329-ada3-f7dadb42cc03:circuit-pulse protected= false hasCookie= true
[proxy] /about protected= false hasCookie= true
[proxy] /about protected= false hasCookie= true
[proxy] /sandbox/index.html protected= false hasCookie= true
[proxy] /vendor/p5.min.js protected= false hasCookie= false
[proxy] /api/boards/default/items/default:cddb5f86-c9c0-4329-ada3-f7dadb42cc03:hud-array protected= false hasCookie= true
[proxy] /api/boards/default/items/default:cddb5f86-c9c0-4329-ada3-f7dadb42cc03:hud-array protected= false hasCookie= true
[proxy] /api/boards/default/items/default:cddb5f86-c9c0-4329-ada3-f7dadb42cc03:hud-array protected= false hasCookie= true
[proxy] /api/boards/default/items/default:cddb5f86-c9c0-4329-ada3-f7dadb42cc03:hud-array protected= false hasCookie= true
[proxy] /api/boards/default/items/default:cddb5f86-c9c0-4329-ada3-f7dadb42cc03:hud-array protected= false hasCookie= true
[proxy] /api/boards/default/items/default:cddb5f86-c9c0-4329-ada3-f7dadb42cc03:hud-array protected= false hasCookie= true
[proxy] /api/boards/default/items/default:cddb5f86-c9c0-4329-ada3-f7dadb42cc03:hud-array protected= false hasCookie= true
[proxy] /about protected= false hasCookie= true
[proxy] /about protected= false hasCookie= true
[proxy] /api/boards/default/items/default:cddb5f86-c9c0-4329-ada3-f7dadb42cc03:data-bloom protected= false hasCookie= true
[proxy] /api/boards/default/items/default:cddb5f86-c9c0-4329-ada3-f7dadb42cc03:data-bloom protected= false hasCookie= true
[proxy] /api/boards/default/items/default:cddb5f86-c9c0-4329-ada3-f7dadb42cc03:data-bloom protected= false hasCookie= true
[proxy] /api/boards/default/items/default:cddb5f86-c9c0-4329-ada3-f7dadb42cc03:data-bloom protected= false hasCookie= true
[proxy] /api/boards/default/items/default:cddb5f86-c9c0-4329-ada3-f7dadb42cc03:data-bloom protected= false hasCookie= true
[proxy] /api/boards/default/items/default:cddb5f86-c9c0-4329-ada3-f7dadb42cc03:data-bloom protected= false hasCookie= true
[proxy] /api/boards/default/items/default:cddb5f86-c9c0-4329-ada3-f7dadb42cc03:data-bloom protected= false hasCookie= true
[proxy] /api/boards/default/items/default:cddb5f86-c9c0-4329-ada3-f7dadb42cc03:data-bloom protected= false hasCookie= true
[proxy] /api/boards/default/items/default:cddb5f86-c9c0-4329-ada3-f7dadb42cc03:data-bloom protected= false hasCookie= true
[proxy] /api/boards/default/items/default:cddb5f86-c9c0-4329-ada3-f7dadb42cc03:data-bloom protected= false hasCookie= true
[proxy] /api/boards/default/items/default:cddb5f86-c9c0-4329-ada3-f7dadb42cc03:data-bloom protected= false hasCookie= true
[proxy] /api/boards/default/items/default:cddb5f86-c9c0-4329-ada3-f7dadb42cc03:data-bloom protected= false hasCookie= true
[proxy] /api/boards/default/items/default:cddb5f86-c9c0-4329-ada3-f7dadb42cc03:data-bloom protected= false hasCookie= true
[proxy] /api/boards/default/items/default:cddb5f86-c9c0-4329-ada3-f7dadb42cc03:data-bloom protected= false hasCookie= true
[proxy] /api/boards/default/items/default:cddb5f86-c9c0-4329-ada3-f7dadb42cc03:data-bloom protected= false hasCookie= true
[proxy] /api/boards/default/items/default:cddb5f86-c9c0-4329-ada3-f7dadb42cc03:data-bloom protected= false hasCookie= true
[proxy] /api/boards/default/items/default:cddb5f86-c9c0-4329-ada3-f7dadb42cc03:data-bloom protected= false hasCookie= true
[proxy] /api/boards/default/items/default:cddb5f86-c9c0-4329-ada3-f7dadb42cc03:data-bloom protected= false hasCookie= true
[proxy] /api/boards/default/items/default:cddb5f86-c9c0-4329-ada3-f7dadb42cc03:data-bloom protected= false hasCookie= true
[proxy] /api/boards/default/items/default:cddb5f86-c9c0-4329-ada3-f7dadb42cc03:data-bloom protected= false hasCookie= true
[proxy] /api/boards/default/items/default:cddb5f86-c9c0-4329-ada3-f7dadb42cc03:data-bloom protected= false hasCookie= true
[proxy] /api/boards/default/items/default:cddb5f86-c9c0-4329-ada3-f7dadb42cc03:data-bloom protected= false hasCookie= true
[proxy] /api/boards/default/items/default:cddb5f86-c9c0-4329-ada3-f7dadb42cc03:data-bloom protected= false hasCookie= true
[proxy] /api/boards/default/items/default:cddb5f86-c9c0-4329-ada3-f7dadb42cc03:data-bloom protected= false hasCookie= true
[proxy] /api/boards/default/items/default:cddb5f86-c9c0-4329-ada3-f7dadb42cc03:data-bloom protected= false hasCookie= true
[proxy] /api/boards/default/items/default:cddb5f86-c9c0-4329-ada3-f7dadb42cc03:data-bloom protected= false hasCookie= true
[proxy] /api/boards/default/items/default:cddb5f86-c9c0-4329-ada3-f7dadb42cc03:data-bloom protected= false hasCookie= true
[proxy] /api/boards/default/items/default:cddb5f86-c9c0-4329-ada3-f7dadb42cc03:data-bloom protected= false hasCookie= true
[proxy] /api/boards/default/items/default:cddb5f86-c9c0-4329-ada3-f7dadb42cc03:data-bloom protected= false hasCookie= true
[proxy] /api/boards/default/items/default:cddb5f86-c9c0-4329-ada3-f7dadb42cc03:data-bloom protected= false hasCookie= true
[proxy] /about protected= false hasCookie= true
[proxy] /about protected= false hasCookie= true
[proxy] /sandbox/index.html protected= false hasCookie= true
[proxy] /vendor/p5.min.js protected= false hasCookie= false
[proxy] /api/boards/default/items/default:cddb5f86-c9c0-4329-ada3-f7dadb42cc03:chromatic-glitch protected= false hasCookie= true
[proxy] /about protected= false hasCookie= true
[proxy] /about protected= false hasCookie= true
[proxy] /api/boards/default/items/default:cddb5f86-c9c0-4329-ada3-f7dadb42cc03:digital-matrix-shader protected= false hasCookie= true
[proxy] /api/boards/default/items/default:cddb5f86-c9c0-4329-ada3-f7dadb42cc03:digital-matrix-shader protected= false hasCookie= true
[proxy] /api/boards/default/items/default:cddb5f86-c9c0-4329-ada3-f7dadb42cc03:digital-matrix-shader protected= false hasCookie= true
[proxy] /api/boards/default/items/default:cddb5f86-c9c0-4329-ada3-f7dadb42cc03:chromatic-glitch protected= false hasCookie= true
[proxy] /api/boards/default/items/default:cddb5f86-c9c0-4329-ada3-f7dadb42cc03:chromatic-glitch protected= false hasCookie= true
[proxy] /api/boards/default/items/default:cddb5f86-c9c0-4329-ada3-f7dadb42cc03:chromatic-glitch protected= false hasCookie= true
[proxy] /api/boards/default/items/default:cddb5f86-c9c0-4329-ada3-f7dadb42cc03:chromatic-glitch protected= false hasCookie= true
[proxy] /api/boards/default/items/default:cddb5f86-c9c0-4329-ada3-f7dadb42cc03:chromatic-glitch protected= false hasCookie= true
[proxy] /api/boards/default/items/default:cddb5f86-c9c0-4329-ada3-f7dadb42cc03:chromatic-glitch protected= false hasCookie= true
[proxy] /api/boards/default/items/default:cddb5f86-c9c0-4329-ada3-f7dadb42cc03:chromatic-glitch protected= false hasCookie= true
[proxy] /api/boards/default/items/default:cddb5f86-c9c0-4329-ada3-f7dadb42cc03:chromatic-glitch protected= false hasCookie= true
[proxy] /api/boards/default/items/default:cddb5f86-c9c0-4329-ada3-f7dadb42cc03:chromatic-glitch protected= false hasCookie= true
[proxy] /api/boards/default/items/default:cddb5f86-c9c0-4329-ada3-f7dadb42cc03:chromatic-glitch protected= false hasCookie= true
[proxy] /api/boards/default/items/default:cddb5f86-c9c0-4329-ada3-f7dadb42cc03:chromatic-glitch protected= false hasCookie= true
[proxy] /api/boards/default/items/default:cddb5f86-c9c0-4329-ada3-f7dadb42cc03:chromatic-glitch protected= false hasCookie= true
[proxy] /api/boards/default/items/default:cddb5f86-c9c0-4329-ada3-f7dadb42cc03:chromatic-glitch protected= false hasCookie= true
[proxy] /about protected= false hasCookie= true
[proxy] /about protected= false hasCookie= true
[proxy] / protected= true hasCookie= true
[proxy] /about protected= false hasCookie= true
[proxy] /about protected= false hasCookie= true
[proxy] /sandbox/index.html protected= false hasCookie= true
[proxy] /vendor/p5.min.js protected= false hasCookie= false
[proxy] /sandbox/index.html protected= false hasCookie= true
[proxy] /vendor/p5.min.js protected= false hasCookie= false
[proxy] /api/assets/hud-array protected= false hasCookie= true
[proxy] /api/boards/default/items/default:cddb5f86-c9c0-4329-ada3-f7dadb42cc03:hud-array protected= false hasCookie= true
[proxy] /api/boards/default/items/default:cddb5f86-c9c0-4329-ada3-f7dadb42cc03:hud-array protected= false hasCookie= true
[proxy] /api/boards/default/items/default:cddb5f86-c9c0-4329-ada3-f7dadb42cc03:hud-array protected= false hasCookie= true
[proxy] /api/assets/chromatic-glitch protected= false hasCookie= true
[proxy] /api/boards/default/items/default:cddb5f86-c9c0-4329-ada3-f7dadb42cc03:chromatic-glitch protected= false hasCookie= true
[proxy] /api/boards/default/items/default:cddb5f86-c9c0-4329-ada3-f7dadb42cc03:chromatic-glitch protected= false hasCookie= true
[proxy] /sandbox/index.html protected= false hasCookie= true
[proxy] /vendor/p5.min.js protected= false hasCookie= false
[proxy] /sandbox/index.html protected= false hasCookie= true
[proxy] /vendor/p5.min.js protected= false hasCookie= false
[proxy] /sandbox/index.html protected= false hasCookie= true
[proxy] /vendor/p5.min.js protected= false hasCookie= false
[proxy] /api/assets/synth-organism protected= false hasCookie= true
[proxy] /api/boards/default/items/default:cddb5f86-c9c0-4329-ada3-f7dadb42cc03:synth-organism protected= false hasCookie= true
[proxy] /sandbox/index.html protected= false hasCookie= true
[proxy] /vendor/p5.min.js protected= false hasCookie= false
[proxy] /sandbox/index.html protected= false hasCookie= true
[proxy] /vendor/p5.min.js protected= false hasCookie= false
[proxy] /api/assets/circuit-pulse protected= false hasCookie= true
[proxy] /api/boards/default/items/default:cddb5f86-c9c0-4329-ada3-f7dadb42cc03:circuit-pulse protected= false hasCookie= true
[proxy] /api/boards/default/items/default:cddb5f86-c9c0-4329-ada3-f7dadb42cc03:circuit-pulse protected= false hasCookie= true
[proxy] /api/boards/default/items/default:cddb5f86-c9c0-4329-ada3-f7dadb42cc03:circuit-pulse protected= false hasCookie= true
[proxy] /api/boards/default/items/default:cddb5f86-c9c0-4329-ada3-f7dadb42cc03:circuit-pulse protected= false hasCookie= true
[proxy] /api/boards/default/items/default:cddb5f86-c9c0-4329-ada3-f7dadb42cc03:circuit-pulse protected= false hasCookie= true
[proxy] /api/boards/default/items/default:cddb5f86-c9c0-4329-ada3-f7dadb42cc03:circuit-pulse protected= false hasCookie= true
[proxy] /api/boards/default/items/default:cddb5f86-c9c0-4329-ada3-f7dadb42cc03:circuit-pulse protected= false hasCookie= true
[proxy] /api/boards/default/items/default:cddb5f86-c9c0-4329-ada3-f7dadb42cc03:circuit-pulse protected= false hasCookie= true
[proxy] /api/boards/default/items/default:cddb5f86-c9c0-4329-ada3-f7dadb42cc03:circuit-pulse protected= false hasCookie= true
[proxy] /api/boards/default/items/default:cddb5f86-c9c0-4329-ada3-f7dadb42cc03:circuit-pulse protected= false hasCookie= true
[proxy] /api/boards/default/items/default:cddb5f86-c9c0-4329-ada3-f7dadb42cc03:circuit-pulse protected= false hasCookie= true
[proxy] /api/boards/default/items/default:cddb5f86-c9c0-4329-ada3-f7dadb42cc03:circuit-pulse protected= false hasCookie= true
[proxy] /api/boards/default/items/default:cddb5f86-c9c0-4329-ada3-f7dadb42cc03:circuit-pulse protected= false hasCookie= true
[proxy] /api/boards/default/items/default:cddb5f86-c9c0-4329-ada3-f7dadb42cc03:circuit-pulse protected= false hasCookie= true
[proxy] /api/boards/default/items/default:cddb5f86-c9c0-4329-ada3-f7dadb42cc03:circuit-pulse protected= false hasCookie= true
[proxy] /api/boards/default/items/default:cddb5f86-c9c0-4329-ada3-f7dadb42cc03:circuit-pulse protected= false hasCookie= true
[proxy] /about protected= false hasCookie= true
[proxy] /about protected= false hasCookie= true
[proxy] / protected= true hasCookie= true
[proxy] /about protected= false hasCookie= true
[proxy] /about protected= false hasCookie= true
[proxy] /sandbox/index.html protected= false hasCookie= true
[proxy] /vendor/p5.min.js protected= false hasCookie= false
[proxy] /api/assets/circuit-pulse protected= false hasCookie= true
[proxy] /api/boards/default/items/default:cddb5f86-c9c0-4329-ada3-f7dadb42cc03:circuit-pulse protected= false hasCookie= true
[proxy] /api/boards/default/items/default:cddb5f86-c9c0-4329-ada3-f7dadb42cc03:circuit-pulse protected= false hasCookie= true
[proxy] /api/boards/default/items/default:cddb5f86-c9c0-4329-ada3-f7dadb42cc03:circuit-pulse protected= false hasCookie= true
[proxy] /sandbox/index.html protected= false hasCookie= true
[proxy] /vendor/p5.min.js protected= false hasCookie= false
[proxy] /sandbox/index.html protected= false hasCookie= true
[proxy] /vendor/p5.min.js protected= false hasCookie= false
[proxy] /sandbox/index.html protected= false hasCookie= true
[proxy] /vendor/p5.min.js protected= false hasCookie= false
[proxy] /sandbox/index.html protected= false hasCookie= true
[proxy] /vendor/p5.min.js protected= false hasCookie= false
[proxy] /sandbox/index.html protected= false hasCookie= true
[proxy] /vendor/p5.min.js protected= false hasCookie= false
[proxy] /api/boards/default/items/default:cddb5f86-c9c0-4329-ada3-f7dadb42cc03:circuit-pulse protected= false hasCookie= true
[proxy] /sandbox/index.html protected= false hasCookie= true
[proxy] /vendor/p5.min.js protected= false hasCookie= false
[proxy] /sandbox/index.html protected= false hasCookie= true
[proxy] /vendor/p5.min.js protected= false hasCookie= false
[proxy] /sandbox/index.html protected= false hasCookie= true
[proxy] /vendor/p5.min.js protected= false hasCookie= false
[proxy] /sandbox/index.html protected= false hasCookie= true
[proxy] /vendor/p5.min.js protected= false hasCookie= false
[proxy] /sandbox/index.html protected= false hasCookie= true
[proxy] /vendor/p5.min.js protected= false hasCookie= false
[proxy] /api/boards/default/items/default:cddb5f86-c9c0-4329-ada3-f7dadb42cc03:circuit-pulse protected= false hasCookie= true
[proxy] / protected= true hasCookie= true
[proxy] /about protected= false hasCookie= true
[proxy] /about protected= false hasCookie= true
[proxy] /sandbox/index.html protected= false hasCookie= true
[proxy] /vendor/p5.min.js protected= false hasCookie= false
[proxy] /sandbox/index.html protected= false hasCookie= true
[proxy] /vendor/p5.min.js protected= false hasCookie= false
[proxy] /api/assets/circuit-pulse protected= false hasCookie= true
[proxy] /api/boards/default/items/default:cddb5f86-c9c0-4329-ada3-f7dadb42cc03:circuit-pulse protected= false hasCookie= true
[proxy] /api/boards/default/items/default:cddb5f86-c9c0-4329-ada3-f7dadb42cc03:circuit-pulse protected= false hasCookie= true
[proxy] /api/boards/default/items/default:cddb5f86-c9c0-4329-ada3-f7dadb42cc03:circuit-pulse protected= false hasCookie= true
[proxy] /api/boards/default/items/default:cddb5f86-c9c0-4329-ada3-f7dadb42cc03:circuit-pulse protected= false hasCookie= true
[proxy] /api/boards/default/items/default:cddb5f86-c9c0-4329-ada3-f7dadb42cc03:circuit-pulse protected= false hasCookie= true
[proxy] /api/boards/default/items/default:cddb5f86-c9c0-4329-ada3-f7dadb42cc03:circuit-pulse protected= false hasCookie= true
[proxy] /api/boards/default/items/default:cddb5f86-c9c0-4329-ada3-f7dadb42cc03:circuit-pulse protected= false hasCookie= true
[proxy] /api/boards/default/items/default:cddb5f86-c9c0-4329-ada3-f7dadb42cc03:circuit-pulse protected= false hasCookie= true
[proxy] /api/boards/default/items/default:cddb5f86-c9c0-4329-ada3-f7dadb42cc03:circuit-pulse protected= false hasCookie= true
[proxy] /api/boards/default/items/default:cddb5f86-c9c0-4329-ada3-f7dadb42cc03:circuit-pulse protected= false hasCookie= true
[proxy] /api/boards/default/items/default:cddb5f86-c9c0-4329-ada3-f7dadb42cc03:circuit-pulse protected= false hasCookie= true
[proxy] /api/boards/default/items/default:cddb5f86-c9c0-4329-ada3-f7dadb42cc03:circuit-pulse protected= false hasCookie= true
[proxy] /api/boards/default/items/default:cddb5f86-c9c0-4329-ada3-f7dadb42cc03:circuit-pulse protected= false hasCookie= true
[proxy] /api/boards/default/items/default:cddb5f86-c9c0-4329-ada3-f7dadb42cc03:circuit-pulse protected= false hasCookie= true
[proxy] / protected= true hasCookie= true
[proxy] /about protected= false hasCookie= true
[proxy] /about protected= false hasCookie= true
[proxy] /sandbox/index.html protected= false hasCookie= true
[proxy] /vendor/p5.min.js protected= false hasCookie= false
[proxy] /sandbox/index.html protected= false hasCookie= true
[proxy] /vendor/p5.min.js protected= false hasCookie= false
[proxy] /api/boards/default/items/default:cddb5f86-c9c0-4329-ada3-f7dadb42cc03:circuit-pulse protected= false hasCookie= true
[proxy] /api/boards/default/items/default:cddb5f86-c9c0-4329-ada3-f7dadb42cc03:circuit-pulse protected= false hasCookie= true
[proxy] /api/boards/default/items/default:cddb5f86-c9c0-4329-ada3-f7dadb42cc03:circuit-pulse protected= false hasCookie= true
[proxy] /api/boards/default/items/default:cddb5f86-c9c0-4329-ada3-f7dadb42cc03:circuit-pulse protected= false hasCookie= true
[proxy] /api/boards/default/items/default:cddb5f86-c9c0-4329-ada3-f7dadb42cc03:circuit-pulse protected= false hasCookie= true
[proxy] /api/boards/default/items/default:cddb5f86-c9c0-4329-ada3-f7dadb42cc03:circuit-pulse protected= false hasCookie= true
[proxy] /api/boards/default/items/default:cddb5f86-c9c0-4329-ada3-f7dadb42cc03:circuit-pulse protected= false hasCookie= true
[proxy] /api/boards/default/items/default:cddb5f86-c9c0-4329-ada3-f7dadb42cc03:circuit-pulse protected= false hasCookie= true
[proxy] /api/boards/default/items/default:cddb5f86-c9c0-4329-ada3-f7dadb42cc03:circuit-pulse protected= false hasCookie= true
[proxy] /api/boards/default/items/default:cddb5f86-c9c0-4329-ada3-f7dadb42cc03:circuit-pulse protected= false hasCookie= true
[proxy] /api/boards/default/items/default:cddb5f86-c9c0-4329-ada3-f7dadb42cc03:circuit-pulse protected= false hasCookie= true
[proxy] /api/boards/default/items/default:cddb5f86-c9c0-4329-ada3-f7dadb42cc03:circuit-pulse protected= false hasCookie= true
[proxy] /api/boards/default/items/default:cddb5f86-c9c0-4329-ada3-f7dadb42cc03:circuit-pulse protected= false hasCookie= true
[proxy] /api/boards/default/items/default:cddb5f86-c9c0-4329-ada3-f7dadb42cc03:circuit-pulse protected= false hasCookie= true
[proxy] /api/boards/default/items/default:cddb5f86-c9c0-4329-ada3-f7dadb42cc03:circuit-pulse protected= false hasCookie= true
[proxy] /api/boards/default/items/default:cddb5f86-c9c0-4329-ada3-f7dadb42cc03:circuit-pulse protected= false hasCookie= true
[proxy] /api/boards/default/items/default:cddb5f86-c9c0-4329-ada3-f7dadb42cc03:circuit-pulse protected= false hasCookie= true
[proxy] /api/boards/default/items/default:cddb5f86-c9c0-4329-ada3-f7dadb42cc03:circuit-pulse protected= false hasCookie= true
[proxy] /about protected= false hasCookie= true
[proxy] /about protected= false hasCookie= true
[proxy] / protected= true hasCookie= true
[proxy] /about protected= false hasCookie= true
[proxy] /about protected= false hasCookie= true
[proxy] /sandbox/index.html protected= false hasCookie= true
[proxy] /vendor/p5.min.js protected= false hasCookie= false
[proxy] /sandbox/index.html protected= false hasCookie= true
[proxy] /vendor/p5.min.js protected= false hasCookie= false
[proxy] /api/assets/circuit-pulse protected= false hasCookie= true
[proxy] /api/boards/default/items/default:cddb5f86-c9c0-4329-ada3-f7dadb42cc03:circuit-pulse protected= false hasCookie= true
[proxy] /api/boards/default/items/default:cddb5f86-c9c0-4329-ada3-f7dadb42cc03:circuit-pulse protected= false hasCookie= true
[proxy] /sandbox/index.html protected= false hasCookie= true
[proxy] /vendor/p5.min.js protected= false hasCookie= false
[proxy] /sandbox/index.html protected= false hasCookie= true
[proxy] /vendor/p5.min.js protected= false hasCookie= false
[proxy] /sandbox/index.html protected= false hasCookie= true
[proxy] /vendor/p5.min.js protected= false hasCookie= false
[proxy] /api/boards/default/items/default:cddb5f86-c9c0-4329-ada3-f7dadb42cc03:circuit-pulse protected= false hasCookie= true
[proxy] /sandbox/index.html protected= false hasCookie= true
[proxy] /vendor/p5.min.js protected= false hasCookie= false
[proxy] /sandbox/index.html protected= false hasCookie= true
[proxy] /vendor/p5.min.js protected= false hasCookie= false
[proxy] /sandbox/index.html protected= false hasCookie= true
[proxy] /vendor/p5.min.js protected= false hasCookie= false
[proxy] /sandbox/index.html protected= false hasCookie= true
[proxy] /vendor/p5.min.js protected= false hasCookie= false
[proxy] /about protected= false hasCookie= true
[proxy] /about protected= false hasCookie= true
[proxy] /api/boards/default/items/default:cddb5f86-c9c0-4329-ada3-f7dadb42cc03:chromatic-glitch protected= false hasCookie= true
[proxy] /api/boards/default/items/default:cddb5f86-c9c0-4329-ada3-f7dadb42cc03:chromatic-glitch protected= false hasCookie= true
[proxy] /api/boards/default/items/default:cddb5f86-c9c0-4329-ada3-f7dadb42cc03:chromatic-glitch protected= false hasCookie= true
[proxy] /api/boards/default/items/default:cddb5f86-c9c0-4329-ada3-f7dadb42cc03:chromatic-glitch protected= false hasCookie= true
[proxy] /api/boards/default/items/default:cddb5f86-c9c0-4329-ada3-f7dadb42cc03:chromatic-glitch protected= false hasCookie= true
[proxy] /api/boards/default/items/default:cddb5f86-c9c0-4329-ada3-f7dadb42cc03:chromatic-glitch protected= false hasCookie= true
[proxy] /api/boards/default/items/default:cddb5f86-c9c0-4329-ada3-f7dadb42cc03:chromatic-glitch protected= false hasCookie= true
[proxy] /api/boards/default/items/default:cddb5f86-c9c0-4329-ada3-f7dadb42cc03:chromatic-glitch protected= false hasCookie= true
[proxy] /api/boards/default/items/default:cddb5f86-c9c0-4329-ada3-f7dadb42cc03:chromatic-glitch protected= false hasCookie= true
[proxy] /api/boards/default/items/default:cddb5f86-c9c0-4329-ada3-f7dadb42cc03:chromatic-glitch protected= false hasCookie= true
[proxy] /api/boards/default/items/default:cddb5f86-c9c0-4329-ada3-f7dadb42cc03:chromatic-glitch protected= false hasCookie= true
[proxy] /api/boards/default/items/default:cddb5f86-c9c0-4329-ada3-f7dadb42cc03:chromatic-glitch protected= false hasCookie= true
[proxy] /api/boards/default/items/default:cddb5f86-c9c0-4329-ada3-f7dadb42cc03:chromatic-glitch protected= false hasCookie= true
[proxy] /api/boards/default/items/default:cddb5f86-c9c0-4329-ada3-f7dadb42cc03:chromatic-glitch protected= false hasCookie= true
[proxy] /api/boards/default/items/default:cddb5f86-c9c0-4329-ada3-f7dadb42cc03:chromatic-glitch protected= false hasCookie= true
[proxy] /api/boards/default/items/default:cddb5f86-c9c0-4329-ada3-f7dadb42cc03:chromatic-glitch protected= false hasCookie= true
[proxy] /api/boards/default/items/default:cddb5f86-c9c0-4329-ada3-f7dadb42cc03:chromatic-glitch protected= false hasCookie= true
[proxy] /api/boards/default/items/default:cddb5f86-c9c0-4329-ada3-f7dadb42cc03:chromatic-glitch protected= false hasCookie= true
[proxy] /api/boards/default/items/default:cddb5f86-c9c0-4329-ada3-f7dadb42cc03:chromatic-glitch protected= false hasCookie= true
[proxy] /api/boards/default/items/default:cddb5f86-c9c0-4329-ada3-f7dadb42cc03:chromatic-glitch protected= false hasCookie= true
[proxy] / protected= true hasCookie= true
[proxy] /about protected= false hasCookie= true
[proxy] /about protected= false hasCookie= true
[proxy] /sandbox/index.html protected= false hasCookie= true
[proxy] /vendor/p5.min.js protected= false hasCookie= false
[proxy] /sandbox/index.html protected= false hasCookie= true
[proxy] /vendor/p5.min.js protected= false hasCookie= false
[proxy] /sandbox/index.html protected= false hasCookie= true
[proxy] /vendor/p5.min.js protected= false hasCookie= false
[proxy] /sandbox/index.html protected= false hasCookie= true
[proxy] /vendor/p5.min.js protected= false hasCookie= false
[proxy] /sandbox/index.html protected= false hasCookie= true
[proxy] /vendor/p5.min.js protected= false hasCookie= false
[proxy] /about protected= false hasCookie= true
[proxy] /about protected= false hasCookie= true
[proxy] /sandbox/index.html protected= false hasCookie= true
[proxy] /vendor/p5.min.js protected= false hasCookie= false
[proxy] /api/boards/default/items/default:cddb5f86-c9c0-4329-ada3-f7dadb42cc03:hud-array protected= false hasCookie= true
[proxy] / protected= true hasCookie= true
[proxy] /about protected= false hasCookie= true
[proxy] /about protected= false hasCookie= true
[proxy] /sandbox/index.html protected= false hasCookie= true
[proxy] /vendor/p5.min.js protected= false hasCookie= false
[proxy] /api/assets/circuit-pulse protected= false hasCookie= true
[proxy] /sandbox/index.html protected= false hasCookie= true
[proxy] /vendor/p5.min.js protected= false hasCookie= false
[proxy] /api/boards/default/items/default:cddb5f86-c9c0-4329-ada3-f7dadb42cc03:circuit-pulse protected= false hasCookie= true
[proxy] /api/boards/default/items/default:cddb5f86-c9c0-4329-ada3-f7dadb42cc03:circuit-pulse protected= false hasCookie= true
[proxy] /api/boards/default/items/default:cddb5f86-c9c0-4329-ada3-f7dadb42cc03:circuit-pulse protected= false hasCookie= true
[proxy] /api/boards/default/items/default:cddb5f86-c9c0-4329-ada3-f7dadb42cc03:circuit-pulse protected= false hasCookie= true
[proxy] /api/boards/default/items/default:cddb5f86-c9c0-4329-ada3-f7dadb42cc03:circuit-pulse protected= false hasCookie= true
[proxy] /api/boards/default/items/default:cddb5f86-c9c0-4329-ada3-f7dadb42cc03:circuit-pulse protected= false hasCookie= true
[proxy] /api/boards/default/items/default:cddb5f86-c9c0-4329-ada3-f7dadb42cc03:circuit-pulse protected= false hasCookie= true
[proxy] /about protected= false hasCookie= true
[proxy] /about protected= false hasCookie= true
[proxy] /sandbox/index.html protected= false hasCookie= true
[proxy] /vendor/p5.min.js protected= false hasCookie= false
[proxy] /api/boards/default/items/default:cddb5f86-c9c0-4329-ada3-f7dadb42cc03:hud-array protected= false hasCookie= true
[proxy] /api/boards/default/items/default:cddb5f86-c9c0-4329-ada3-f7dadb42cc03:hud-array protected= false hasCookie= true
[proxy] /api/boards/default/items/default:cddb5f86-c9c0-4329-ada3-f7dadb42cc03:hud-array protected= false hasCookie= true
[proxy] /about protected= false hasCookie= true
[proxy] /about protected= false hasCookie= true
[proxy] / protected= true hasCookie= true
[proxy] /about protected= false hasCookie= true
[proxy] /about protected= false hasCookie= true
[proxy] /sandbox/index.html protected= false hasCookie= true
[proxy] /vendor/p5.min.js protected= false hasCookie= false
[proxy] /api/assets/circuit-pulse protected= false hasCookie= true
[proxy] /sandbox/index.html protected= false hasCookie= true
[proxy] /vendor/p5.min.js protected= false hasCookie= false
[proxy] / protected= true hasCookie= true
[proxy] /about protected= false hasCookie= true
[proxy] /about protected= false hasCookie= true
[proxy] /sandbox/index.html protected= false hasCookie= true
[proxy] /vendor/p5.min.js protected= false hasCookie= false
[proxy] /sandbox/index.html protected= false hasCookie= true
[proxy] /vendor/p5.min.js protected= false hasCookie= false
[proxy] /api/assets/hud-array protected= false hasCookie= true
[proxy] /api/boards/default/items/default:cddb5f86-c9c0-4329-ada3-f7dadb42cc03:hud-array protected= false hasCookie= true
[proxy] /api/boards/default/items/default:cddb5f86-c9c0-4329-ada3-f7dadb42cc03:hud-array protected= false hasCookie= true
[proxy] /api/boards/default/items/default:cddb5f86-c9c0-4329-ada3-f7dadb42cc03:hud-array protected= false hasCookie= true
[proxy] /api/boards/default/items/default:cddb5f86-c9c0-4329-ada3-f7dadb42cc03:hud-array protected= false hasCookie= true
[proxy] /api/boards/default/items/default:cddb5f86-c9c0-4329-ada3-f7dadb42cc03:hud-array protected= false hasCookie= true
[proxy] /api/boards/default/items/default:cddb5f86-c9c0-4329-ada3-f7dadb42cc03:hud-array protected= false hasCookie= true
[proxy] /api/boards/default/items/default:cddb5f86-c9c0-4329-ada3-f7dadb42cc03:hud-array protected= false hasCookie= true
[proxy] /api/boards/default/items/default:cddb5f86-c9c0-4329-ada3-f7dadb42cc03:hud-array protected= false hasCookie= true
[proxy] /api/boards/default/items/default:cddb5f86-c9c0-4329-ada3-f7dadb42cc03:hud-array protected= false hasCookie= true
[proxy] /api/boards/default/items/default:cddb5f86-c9c0-4329-ada3-f7dadb42cc03:hud-array protected= false hasCookie= true
[proxy] /api/boards/default/items/default:cddb5f86-c9c0-4329-ada3-f7dadb42cc03:hud-array protected= false hasCookie= true
[proxy] /about protected= false hasCookie= true
[proxy] /about protected= false hasCookie= true
[proxy] /sandbox/index.html protected= false hasCookie= true
[proxy] /vendor/p5.min.js protected= false hasCookie= false
[proxy] /api/boards/default/items/default:cddb5f86-c9c0-4329-ada3-f7dadb42cc03:hud-array protected= false hasCookie= true
[proxy] /api/assets/digital-matrix-shader protected= false hasCookie= true
[proxy] /api/boards/default/items/default:cddb5f86-c9c0-4329-ada3-f7dadb42cc03:digital-matrix-shader protected= false hasCookie= true
[proxy] /api/boards/default/items/default:cddb5f86-c9c0-4329-ada3-f7dadb42cc03:digital-matrix-shader protected= false hasCookie= true
[proxy] /api/boards/default/items/default:cddb5f86-c9c0-4329-ada3-f7dadb42cc03:digital-matrix-shader protected= false hasCookie= true
[proxy] /api/boards/default/items/default:cddb5f86-c9c0-4329-ada3-f7dadb42cc03:digital-matrix-shader protected= false hasCookie= true
[proxy] /api/boards/default/items/default:cddb5f86-c9c0-4329-ada3-f7dadb42cc03:digital-matrix-shader protected= false hasCookie= true
[proxy] /api/boards/default/items/default:cddb5f86-c9c0-4329-ada3-f7dadb42cc03:digital-matrix-shader protected= false hasCookie= true
[proxy] /api/boards/default/items/default:cddb5f86-c9c0-4329-ada3-f7dadb42cc03:digital-matrix-shader protected= false hasCookie= true
[proxy] /api/boards/default/items/default:cddb5f86-c9c0-4329-ada3-f7dadb42cc03:digital-matrix-shader protected= false hasCookie= true
[proxy] /api/boards/default/items/default:cddb5f86-c9c0-4329-ada3-f7dadb42cc03:digital-matrix-shader protected= false hasCookie= true
[proxy] /api/boards/default/items/default:cddb5f86-c9c0-4329-ada3-f7dadb42cc03:digital-matrix-shader protected= false hasCookie= true
[proxy] /api/boards/default/items/default:cddb5f86-c9c0-4329-ada3-f7dadb42cc03:digital-matrix-shader protected= false hasCookie= true
[proxy] /api/boards/default/items/default:cddb5f86-c9c0-4329-ada3-f7dadb42cc03:digital-matrix-shader protected= false hasCookie= true
[proxy] /api/boards/default/items/default:cddb5f86-c9c0-4329-ada3-f7dadb42cc03:digital-matrix-shader protected= false hasCookie= true
[proxy] /api/boards/default/items/default:cddb5f86-c9c0-4329-ada3-f7dadb42cc03:digital-matrix-shader protected= false hasCookie= true
[proxy] /api/boards/default/items/default:cddb5f86-c9c0-4329-ada3-f7dadb42cc03:digital-matrix-shader protected= false hasCookie= true
[proxy] /api/boards/default/items/default:cddb5f86-c9c0-4329-ada3-f7dadb42cc03:digital-matrix-shader protected= false hasCookie= true
[proxy] /api/boards/default/items/default:cddb5f86-c9c0-4329-ada3-f7dadb42cc03:digital-matrix-shader protected= false hasCookie= true
[proxy] /api/boards/default/items/default:cddb5f86-c9c0-4329-ada3-f7dadb42cc03:digital-matrix-shader protected= false hasCookie= true
[proxy] /api/boards/default/items/default:cddb5f86-c9c0-4329-ada3-f7dadb42cc03:digital-matrix-shader protected= false hasCookie= true
[proxy] /api/boards/default/items/default:cddb5f86-c9c0-4329-ada3-f7dadb42cc03:digital-matrix-shader protected= false hasCookie= true
[proxy] /api/boards/default/items/default:cddb5f86-c9c0-4329-ada3-f7dadb42cc03:digital-matrix-shader protected= false hasCookie= true
[proxy] /api/boards/default/items/default:cddb5f86-c9c0-4329-ada3-f7dadb42cc03:digital-matrix-shader protected= false hasCookie= true
[proxy] /api/boards/default/items/default:cddb5f86-c9c0-4329-ada3-f7dadb42cc03:digital-matrix-shader protected= false hasCookie= true
[proxy] /api/boards/default/items/default:cddb5f86-c9c0-4329-ada3-f7dadb42cc03:digital-matrix-shader protected= false hasCookie= true
[proxy] /api/boards/default/items/default:cddb5f86-c9c0-4329-ada3-f7dadb42cc03:digital-matrix-shader protected= false hasCookie= true
[proxy] /api/boards/default/items/default:cddb5f86-c9c0-4329-ada3-f7dadb42cc03:digital-matrix-shader protected= false hasCookie= true
[proxy] /api/boards/default/items/default:cddb5f86-c9c0-4329-ada3-f7dadb42cc03:digital-matrix-shader protected= false hasCookie= true
[proxy] /api/boards/default/items/default:cddb5f86-c9c0-4329-ada3-f7dadb42cc03:digital-matrix-shader protected= false hasCookie= true
[proxy] /api/boards/default/items/default:cddb5f86-c9c0-4329-ada3-f7dadb42cc03:digital-matrix-shader protected= false hasCookie= true
[proxy] /api/boards/default/items/default:cddb5f86-c9c0-4329-ada3-f7dadb42cc03:digital-matrix-shader protected= false hasCookie= true
[proxy] /api/boards/default/items/default:cddb5f86-c9c0-4329-ada3-f7dadb42cc03:digital-matrix-shader protected= false hasCookie= true
[proxy] /api/boards/default/items/default:cddb5f86-c9c0-4329-ada3-f7dadb42cc03:digital-matrix-shader protected= false hasCookie= true
[proxy] /api/boards/default/items/default:cddb5f86-c9c0-4329-ada3-f7dadb42cc03:digital-matrix-shader protected= false hasCookie= true
[proxy] /api/boards/default/items/default:cddb5f86-c9c0-4329-ada3-f7dadb42cc03:digital-matrix-shader protected= false hasCookie= true
[proxy] /api/boards/default/items/default:cddb5f86-c9c0-4329-ada3-f7dadb42cc03:digital-matrix-shader protected= false hasCookie= true
[proxy] /about protected= false hasCookie= true
[proxy] /about protected= false hasCookie= true
[proxy] /sandbox/index.html protected= false hasCookie= true
[proxy] /api/assets/data-bloom protected= false hasCookie= true
[proxy] /api/boards/default/items/default:cddb5f86-c9c0-4329-ada3-f7dadb42cc03:data-bloom protected= false hasCookie= true
[proxy] /api/boards/default/items/default:cddb5f86-c9c0-4329-ada3-f7dadb42cc03:data-bloom protected= false hasCookie= true
[proxy] /api/boards/default/items/default:cddb5f86-c9c0-4329-ada3-f7dadb42cc03:data-bloom protected= false hasCookie= true
[proxy] /api/boards/default/items/default:cddb5f86-c9c0-4329-ada3-f7dadb42cc03:data-bloom protected= false hasCookie= true
[proxy] /api/boards/default/items/default:cddb5f86-c9c0-4329-ada3-f7dadb42cc03:data-bloom protected= false hasCookie= true
[proxy] /api/boards/default/items/default:cddb5f86-c9c0-4329-ada3-f7dadb42cc03:data-bloom protected= false hasCookie= true
[proxy] /api/boards/default/items/default:cddb5f86-c9c0-4329-ada3-f7dadb42cc03:data-bloom protected= false hasCookie= true
[proxy] /api/boards/default/items/default:cddb5f86-c9c0-4329-ada3-f7dadb42cc03:data-bloom protected= false hasCookie= true
[proxy] /api/boards/default/items/default:cddb5f86-c9c0-4329-ada3-f7dadb42cc03:data-bloom protected= false hasCookie= true
[proxy] /api/boards/default/items/default:cddb5f86-c9c0-4329-ada3-f7dadb42cc03:data-bloom protected= false hasCookie= true
[proxy] /api/boards/default/items/default:cddb5f86-c9c0-4329-ada3-f7dadb42cc03:data-bloom protected= false hasCookie= true
[proxy] /api/boards/default/items/default:cddb5f86-c9c0-4329-ada3-f7dadb42cc03:data-bloom protected= false hasCookie= true
[proxy] /api/boards/default/items/default:cddb5f86-c9c0-4329-ada3-f7dadb42cc03:data-bloom protected= false hasCookie= true
[proxy] /api/boards/default/items/default:cddb5f86-c9c0-4329-ada3-f7dadb42cc03:data-bloom protected= false hasCookie= true
[proxy] /api/boards/default/items/default:cddb5f86-c9c0-4329-ada3-f7dadb42cc03:data-bloom protected= false hasCookie= true
[proxy] /api/boards/default/items/default:cddb5f86-c9c0-4329-ada3-f7dadb42cc03:data-bloom protected= false hasCookie= true
[proxy] /api/boards/default/items/default:cddb5f86-c9c0-4329-ada3-f7dadb42cc03:data-bloom protected= false hasCookie= true
[proxy] /api/boards/default/items/default:cddb5f86-c9c0-4329-ada3-f7dadb42cc03:data-bloom protected= false hasCookie= true
[proxy] /api/boards/default/items/default:cddb5f86-c9c0-4329-ada3-f7dadb42cc03:data-bloom protected= false hasCookie= true
[proxy] /api/boards/default/items/default:cddb5f86-c9c0-4329-ada3-f7dadb42cc03:data-bloom protected= false hasCookie= true
[proxy] /api/boards/default/items/default:cddb5f86-c9c0-4329-ada3-f7dadb42cc03:data-bloom protected= false hasCookie= true
[proxy] /api/boards/default/items/default:cddb5f86-c9c0-4329-ada3-f7dadb42cc03:data-bloom protected= false hasCookie= true
[proxy] /api/boards/default/items/default:cddb5f86-c9c0-4329-ada3-f7dadb42cc03:data-bloom protected= false hasCookie= true
[proxy] /api/boards/default/items/default:cddb5f86-c9c0-4329-ada3-f7dadb42cc03:data-bloom protected= false hasCookie= true
[proxy] /api/boards/default/items/default:cddb5f86-c9c0-4329-ada3-f7dadb42cc03:data-bloom protected= false hasCookie= true
[proxy] /api/boards/default/items/default:cddb5f86-c9c0-4329-ada3-f7dadb42cc03:data-bloom protected= false hasCookie= true
[proxy] /api/boards/default/items/default:cddb5f86-c9c0-4329-ada3-f7dadb42cc03:data-bloom protected= false hasCookie= true
[proxy] /api/boards/default/items/default:cddb5f86-c9c0-4329-ada3-f7dadb42cc03:data-bloom protected= false hasCookie= true
[proxy] /about protected= false hasCookie= true
[proxy] /about protected= false hasCookie= true
[proxy] /api/boards/default/items/default:cddb5f86-c9c0-4329-ada3-f7dadb42cc03:digital-matrix-shader protected= false hasCookie= true
[proxy] /api/boards/default/items/default:cddb5f86-c9c0-4329-ada3-f7dadb42cc03:digital-matrix-shader protected= false hasCookie= true
[proxy] /sandbox/index.html protected= false hasCookie= true
[proxy] /vendor/p5.min.js protected= false hasCookie= false
[proxy] /api/boards/default/items/default:cddb5f86-c9c0-4329-ada3-f7dadb42cc03:circuit-pulse protected= false hasCookie= true
[proxy] /api/boards/default/items/default:cddb5f86-c9c0-4329-ada3-f7dadb42cc03:circuit-pulse protected= false hasCookie= true
[proxy] /api/boards/default/items/default:cddb5f86-c9c0-4329-ada3-f7dadb42cc03:circuit-pulse protected= false hasCookie= true
[proxy] /api/boards/default/items/default:cddb5f86-c9c0-4329-ada3-f7dadb42cc03:circuit-pulse protected= false hasCookie= true
[proxy] /api/boards/default/items/default:cddb5f86-c9c0-4329-ada3-f7dadb42cc03:circuit-pulse protected= false hasCookie= true
[proxy] /api/boards/default/items/default:cddb5f86-c9c0-4329-ada3-f7dadb42cc03:circuit-pulse protected= false hasCookie= true
[proxy] /api/boards/default/items/default:cddb5f86-c9c0-4329-ada3-f7dadb42cc03:circuit-pulse protected= false hasCookie= true
[proxy] /api/boards/default/items/default:cddb5f86-c9c0-4329-ada3-f7dadb42cc03:circuit-pulse protected= false hasCookie= true
[proxy] /api/boards/default/items/default:cddb5f86-c9c0-4329-ada3-f7dadb42cc03:circuit-pulse protected= false hasCookie= true
[proxy] /about protected= false hasCookie= true
[proxy] /about protected= false hasCookie= true
[proxy] /sandbox/index.html protected= false hasCookie= true
[proxy] /vendor/p5.min.js protected= false hasCookie= false
[proxy] /sandbox/index.html protected= false hasCookie= true
[proxy] /vendor/p5.min.js protected= false hasCookie= false
[proxy] /api/boards/default/items/default:cddb5f86-c9c0-4329-ada3-f7dadb42cc03:synth-organism protected= false hasCookie= true
[proxy] /api/boards/default/items/default:cddb5f86-c9c0-4329-ada3-f7dadb42cc03:synth-organism protected= false hasCookie= true
[proxy] /api/boards/default/items/default:cddb5f86-c9c0-4329-ada3-f7dadb42cc03:synth-organism protected= false hasCookie= true
[proxy] /sandbox/index.html protected= false hasCookie= true
[proxy] /vendor/p5.min.js protected= false hasCookie= false
[proxy] /about protected= false hasCookie= true
[proxy] /about protected= false hasCookie= true
[proxy] /sandbox/index.html protected= false hasCookie= true
[proxy] /vendor/p5.min.js protected= false hasCookie= false
[proxy] /api/boards/default/items/default:cddb5f86-c9c0-4329-ada3-f7dadb42cc03:chromatic-glitch protected= false hasCookie= true
[proxy] /api/boards/default/items/default:cddb5f86-c9c0-4329-ada3-f7dadb42cc03:chromatic-glitch protected= false hasCookie= true
[proxy] /api/boards/default/items/default:cddb5f86-c9c0-4329-ada3-f7dadb42cc03:chromatic-glitch protected= false hasCookie= true
[proxy] /api/boards/default/items/default:cddb5f86-c9c0-4329-ada3-f7dadb42cc03:chromatic-glitch protected= false hasCookie= true
[proxy] /api/boards/default/items/default:cddb5f86-c9c0-4329-ada3-f7dadb42cc03:chromatic-glitch protected= false hasCookie= true
[proxy] /api/boards/default/items/default:cddb5f86-c9c0-4329-ada3-f7dadb42cc03:chromatic-glitch protected= false hasCookie= true
[proxy] /about protected= false hasCookie= true
[proxy] /about protected= false hasCookie= true
[proxy] / protected= true hasCookie= true
[proxy] /about protected= false hasCookie= true
[proxy] /about protected= false hasCookie= true
[proxy] /sandbox/index.html protected= false hasCookie= true
[proxy] /vendor/p5.min.js protected= false hasCookie= false
[proxy] /api/assets/data-bloom protected= false hasCookie= true
[proxy] /sandbox/index.html protected= false hasCookie= true
[proxy] /vendor/p5.min.js protected= false hasCookie= false
[proxy] /api/assets/hud-array protected= false hasCookie= true
[proxy] /api/boards/default/items/default:cddb5f86-c9c0-4329-ada3-f7dadb42cc03:hud-array protected= false hasCookie= true
[proxy] /api/boards/default/items/default:cddb5f86-c9c0-4329-ada3-f7dadb42cc03:hud-array protected= false hasCookie= true
[proxy] /api/boards/default/items/default:cddb5f86-c9c0-4329-ada3-f7dadb42cc03:hud-array protected= false hasCookie= true
[proxy] /api/boards/default/items/default:cddb5f86-c9c0-4329-ada3-f7dadb42cc03:hud-array protected= false hasCookie= true
[proxy] /api/boards/default/items/default:cddb5f86-c9c0-4329-ada3-f7dadb42cc03:hud-array protected= false hasCookie= true
[proxy] /api/boards/default/items/default:cddb5f86-c9c0-4329-ada3-f7dadb42cc03:hud-array protected= false hasCookie= true
[proxy] /api/boards/default/items/default:cddb5f86-c9c0-4329-ada3-f7dadb42cc03:hud-array protected= false hasCookie= true
[proxy] /api/boards/default/items/default:cddb5f86-c9c0-4329-ada3-f7dadb42cc03:hud-array protected= false hasCookie= true
[proxy] /api/boards/default/items/default:cddb5f86-c9c0-4329-ada3-f7dadb42cc03:hud-array protected= false hasCookie= true
[proxy] /api/boards/default/items/default:cddb5f86-c9c0-4329-ada3-f7dadb42cc03:hud-array protected= false hasCookie= true
[proxy] /api/boards/default/items/default:cddb5f86-c9c0-4329-ada3-f7dadb42cc03:hud-array protected= false hasCookie= true
[proxy] /api/boards/default/items/default:cddb5f86-c9c0-4329-ada3-f7dadb42cc03:hud-array protected= false hasCookie= true
[proxy] /api/boards/default/items/default:cddb5f86-c9c0-4329-ada3-f7dadb42cc03:hud-array protected= false hasCookie= true
[proxy] /api/boards/default/items/default:cddb5f86-c9c0-4329-ada3-f7dadb42cc03:hud-array protected= false hasCookie= true
[proxy] /api/boards/default/items/default:cddb5f86-c9c0-4329-ada3-f7dadb42cc03:hud-array protected= false hasCookie= true
[proxy] /api/boards/default/items/default:cddb5f86-c9c0-4329-ada3-f7dadb42cc03:hud-array protected= false hasCookie= true
[proxy] /api/boards/default/items/default:cddb5f86-c9c0-4329-ada3-f7dadb42cc03:hud-array protected= false hasCookie= true
[proxy] /api/boards/default/items/default:cddb5f86-c9c0-4329-ada3-f7dadb42cc03:hud-array protected= false hasCookie= true
[proxy] /api/boards/default/items/default:cddb5f86-c9c0-4329-ada3-f7dadb42cc03:hud-array protected= false hasCookie= true
[proxy] /api/boards/default/items/default:cddb5f86-c9c0-4329-ada3-f7dadb42cc03:hud-array protected= false hasCookie= true
[proxy] /api/boards/default/items/default:cddb5f86-c9c0-4329-ada3-f7dadb42cc03:hud-array protected= false hasCookie= true
[proxy] /api/boards/default/items/default:cddb5f86-c9c0-4329-ada3-f7dadb42cc03:hud-array protected= false hasCookie= true
[proxy] /api/boards/default/items/default:cddb5f86-c9c0-4329-ada3-f7dadb42cc03:hud-array protected= false hasCookie= true
[proxy] /api/boards/default/items/default:cddb5f86-c9c0-4329-ada3-f7dadb42cc03:hud-array protected= false hasCookie= true
[proxy] /api/boards/default/items/default:cddb5f86-c9c0-4329-ada3-f7dadb42cc03:hud-array protected= false hasCookie= true
[proxy] /api/boards/default/items/default:cddb5f86-c9c0-4329-ada3-f7dadb42cc03:hud-array protected= false hasCookie= true
[proxy] /api/boards/default/items/default:cddb5f86-c9c0-4329-ada3-f7dadb42cc03:hud-array protected= false hasCookie= true
[proxy] /api/boards/default/items/default:cddb5f86-c9c0-4329-ada3-f7dadb42cc03:hud-array protected= false hasCookie= true
[proxy] /api/boards/default/items/default:cddb5f86-c9c0-4329-ada3-f7dadb42cc03:hud-array protected= false hasCookie= true
[proxy] /api/boards/default/items/default:cddb5f86-c9c0-4329-ada3-f7dadb42cc03:hud-array protected= false hasCookie= true
[proxy] /api/boards/default/items/default:cddb5f86-c9c0-4329-ada3-f7dadb42cc03:hud-array protected= false hasCookie= true
[proxy] /api/boards/default/items/default:cddb5f86-c9c0-4329-ada3-f7dadb42cc03:hud-array protected= false hasCookie= true
[proxy] /api/boards/default/items/default:cddb5f86-c9c0-4329-ada3-f7dadb42cc03:hud-array protected= false hasCookie= true
[proxy] /api/boards/default/items/default:cddb5f86-c9c0-4329-ada3-f7dadb42cc03:hud-array protected= false hasCookie= true
[proxy] /api/boards/default/items/default:cddb5f86-c9c0-4329-ada3-f7dadb42cc03:hud-array protected= false hasCookie= true
[proxy] /api/boards/default/items/default:cddb5f86-c9c0-4329-ada3-f7dadb42cc03:hud-array protected= false hasCookie= true
[proxy] /api/boards/default/items/default:cddb5f86-c9c0-4329-ada3-f7dadb42cc03:hud-array protected= false hasCookie= true
[proxy] /sandbox/index.html protected= false hasCookie= true
[proxy] /vendor/p5.min.js protected= false hasCookie= false
[proxy] /api/assets/circuit-pulse protected= false hasCookie= true
[proxy] /api/boards/default/items/default:cddb5f86-c9c0-4329-ada3-f7dadb42cc03:circuit-pulse protected= false hasCookie= true
[proxy] /api/boards/default/items/default:cddb5f86-c9c0-4329-ada3-f7dadb42cc03:circuit-pulse protected= false hasCookie= true
[proxy] /api/boards/default/items/default:cddb5f86-c9c0-4329-ada3-f7dadb42cc03:circuit-pulse protected= false hasCookie= true
[proxy] /api/boards/default/items/default:cddb5f86-c9c0-4329-ada3-f7dadb42cc03:circuit-pulse protected= false hasCookie= true
[proxy] /about protected= false hasCookie= true
[proxy] /about protected= false hasCookie= true
[proxy] /sandbox/index.html protected= false hasCookie= true
[proxy] /vendor/p5.min.js protected= false hasCookie= false
[proxy] /api/boards/default/items/default:cddb5f86-c9c0-4329-ada3-f7dadb42cc03:circuit-pulse protected= false hasCookie= true
[proxy] /api/boards/default/items/default:cddb5f86-c9c0-4329-ada3-f7dadb42cc03:circuit-pulse protected= false hasCookie= true
[proxy] /api/boards/default/items/default:cddb5f86-c9c0-4329-ada3-f7dadb42cc03:circuit-pulse protected= false hasCookie= true
[proxy] /api/boards/default/items/default:cddb5f86-c9c0-4329-ada3-f7dadb42cc03:circuit-pulse protected= false hasCookie= true
[proxy] /api/boards/default/items/default:cddb5f86-c9c0-4329-ada3-f7dadb42cc03:circuit-pulse protected= false hasCookie= true
[proxy] /api/boards/default/items/default:cddb5f86-c9c0-4329-ada3-f7dadb42cc03:circuit-pulse protected= false hasCookie= true
[proxy] /api/boards/default/items/default:cddb5f86-c9c0-4329-ada3-f7dadb42cc03:circuit-pulse protected= false hasCookie= true
[proxy] /api/boards/default/items/default:cddb5f86-c9c0-4329-ada3-f7dadb42cc03:circuit-pulse protected= false hasCookie= true
[proxy] / protected= true hasCookie= true
[proxy] /about protected= false hasCookie= true
[proxy] /about protected= false hasCookie= true
[proxy] /sandbox/index.html protected= false hasCookie= true
[proxy] /vendor/p5.min.js protected= false hasCookie= false
[proxy] /api/assets/synth-organism protected= false hasCookie= true
[proxy] /api/boards/default/items/default:cddb5f86-c9c0-4329-ada3-f7dadb42cc03:synth-organism protected= false hasCookie= true
[proxy] /api/boards/default/items/default:cddb5f86-c9c0-4329-ada3-f7dadb42cc03:synth-organism protected= false hasCookie= true
[proxy] /sandbox/index.html protected= false hasCookie= true
[proxy] /vendor/p5.min.js protected= false hasCookie= false
[proxy] /api/boards/default/items/default:cddb5f86-c9c0-4329-ada3-f7dadb42cc03:circuit-pulse protected= false hasCookie= true
[proxy] / protected= true hasCookie= true
[proxy] /about protected= false hasCookie= true
[proxy] /about protected= false hasCookie= true
[proxy] /api/assets/chromatic-glitch protected= false hasCookie= true
[proxy] /api/boards/default/items/default:cddb5f86-c9c0-4329-ada3-f7dadb42cc03:chromatic-glitch protected= false hasCookie= true
[proxy] /api/boards/default/items/default:cddb5f86-c9c0-4329-ada3-f7dadb42cc03:chromatic-glitch protected= false hasCookie= true
[proxy] /api/boards/default/items/default:cddb5f86-c9c0-4329-ada3-f7dadb42cc03:chromatic-glitch protected= false hasCookie= true
[proxy] /api/boards/default/items/default:cddb5f86-c9c0-4329-ada3-f7dadb42cc03:chromatic-glitch protected= false hasCookie= true
[proxy] /api/boards/default/items/default:cddb5f86-c9c0-4329-ada3-f7dadb42cc03:chromatic-glitch protected= false hasCookie= true
[proxy] /api/boards/default/items/default:cddb5f86-c9c0-4329-ada3-f7dadb42cc03:chromatic-glitch protected= false hasCookie= true
[proxy] /api/boards/default/items/default:cddb5f86-c9c0-4329-ada3-f7dadb42cc03:chromatic-glitch protected= false hasCookie= true
[proxy] /api/boards/default/items/default:cddb5f86-c9c0-4329-ada3-f7dadb42cc03:chromatic-glitch protected= false hasCookie= true
[proxy] /api/boards/default/items/default:cddb5f86-c9c0-4329-ada3-f7dadb42cc03:chromatic-glitch protected= false hasCookie= true
[proxy] /api/boards/default/items/default:cddb5f86-c9c0-4329-ada3-f7dadb42cc03:chromatic-glitch protected= false hasCookie= true
[proxy] /api/boards/default/items/default:cddb5f86-c9c0-4329-ada3-f7dadb42cc03:chromatic-glitch protected= false hasCookie= true
[proxy] /api/boards/default/items/default:cddb5f86-c9c0-4329-ada3-f7dadb42cc03:chromatic-glitch protected= false hasCookie= true
[proxy] /api/boards/default/items/default:cddb5f86-c9c0-4329-ada3-f7dadb42cc03:chromatic-glitch protected= false hasCookie= true
[proxy] /api/boards/default/items/default:cddb5f86-c9c0-4329-ada3-f7dadb42cc03:chromatic-glitch protected= false hasCookie= true
[proxy] /api/boards/default/items/default:cddb5f86-c9c0-4329-ada3-f7dadb42cc03:chromatic-glitch protected= false hasCookie= true
[proxy] /api/boards/default/items/default:cddb5f86-c9c0-4329-ada3-f7dadb42cc03:chromatic-glitch protected= false hasCookie= true
[proxy] /api/boards/default/items/default:cddb5f86-c9c0-4329-ada3-f7dadb42cc03:chromatic-glitch protected= false hasCookie= true
[proxy] /api/boards/default/items/default:cddb5f86-c9c0-4329-ada3-f7dadb42cc03:chromatic-glitch protected= false hasCookie= true
[proxy] /api/boards/default/items/default:cddb5f86-c9c0-4329-ada3-f7dadb42cc03:chromatic-glitch protected= false hasCookie= true
[proxy] /api/boards/default/items/default:cddb5f86-c9c0-4329-ada3-f7dadb42cc03:chromatic-glitch protected= false hasCookie= true
[proxy] /api/boards/default/items/default:cddb5f86-c9c0-4329-ada3-f7dadb42cc03:chromatic-glitch protected= false hasCookie= true
[proxy] /api/boards/default/items/default:cddb5f86-c9c0-4329-ada3-f7dadb42cc03:chromatic-glitch protected= false hasCookie= true
[proxy] /api/boards/default/items/default:cddb5f86-c9c0-4329-ada3-f7dadb42cc03:chromatic-glitch protected= false hasCookie= true
[proxy] /api/boards/default/items/default:cddb5f86-c9c0-4329-ada3-f7dadb42cc03:chromatic-glitch protected= false hasCookie= true
[proxy] /api/boards/default/items/default:cddb5f86-c9c0-4329-ada3-f7dadb42cc03:chromatic-glitch protected= false hasCookie= true
[proxy] /api/boards/default/items/default:cddb5f86-c9c0-4329-ada3-f7dadb42cc03:chromatic-glitch protected= false hasCookie= true
[proxy] /api/boards/default/items/default:cddb5f86-c9c0-4329-ada3-f7dadb42cc03:chromatic-glitch protected= false hasCookie= true
[proxy] /api/boards/default/items/default:cddb5f86-c9c0-4329-ada3-f7dadb42cc03:chromatic-glitch protected= false hasCookie= true
[proxy] /api/boards/default/items/default:cddb5f86-c9c0-4329-ada3-f7dadb42cc03:chromatic-glitch protected= false hasCookie= true
[proxy] /about protected= false hasCookie= true
[proxy] /about protected= false hasCookie= true
[proxy] /api/assets/bio-core protected= false hasCookie= true
[proxy] /about protected= false hasCookie= true
[proxy] /about protected= false hasCookie= true
[proxy] /sandbox/index.html protected= false hasCookie= true
[proxy] /vendor/p5.min.js protected= false hasCookie= false
[proxy] /sandbox/index.html protected= false hasCookie= true
[proxy] /vendor/p5.min.js protected= false hasCookie= false
[proxy] /api/boards/default/items/default:cddb5f86-c9c0-4329-ada3-f7dadb42cc03:circuit-pulse protected= false hasCookie= true
[proxy] /api/boards/default/items/default:cddb5f86-c9c0-4329-ada3-f7dadb42cc03:circuit-pulse protected= false hasCookie= true
[proxy] /api/boards/default/items/default:cddb5f86-c9c0-4329-ada3-f7dadb42cc03:circuit-pulse protected= false hasCookie= true
[proxy] /api/boards/default/items/default:cddb5f86-c9c0-4329-ada3-f7dadb42cc03:circuit-pulse protected= false hasCookie= true
[proxy] /api/boards/default/items/default:cddb5f86-c9c0-4329-ada3-f7dadb42cc03:circuit-pulse protected= false hasCookie= true
[proxy] /api/boards/default/items/default:cddb5f86-c9c0-4329-ada3-f7dadb42cc03:circuit-pulse protected= false hasCookie= true
[proxy] /api/boards/default/items/default:cddb5f86-c9c0-4329-ada3-f7dadb42cc03:circuit-pulse protected= false hasCookie= true
[proxy] /api/boards/default/items/default:cddb5f86-c9c0-4329-ada3-f7dadb42cc03:circuit-pulse protected= false hasCookie= true
[proxy] /api/boards/default/items/default:cddb5f86-c9c0-4329-ada3-f7dadb42cc03:circuit-pulse protected= false hasCookie= true
[proxy] /api/boards/default/items/default:cddb5f86-c9c0-4329-ada3-f7dadb42cc03:circuit-pulse protected= false hasCookie= true
[proxy] /api/boards/default/items/default:cddb5f86-c9c0-4329-ada3-f7dadb42cc03:circuit-pulse protected= false hasCookie= true
[proxy] /api/boards/default/items/default:cddb5f86-c9c0-4329-ada3-f7dadb42cc03:circuit-pulse protected= false hasCookie= true
[proxy] /api/boards/default/items/default:cddb5f86-c9c0-4329-ada3-f7dadb42cc03:circuit-pulse protected= false hasCookie= true
[proxy] /api/boards/default/items/default:cddb5f86-c9c0-4329-ada3-f7dadb42cc03:circuit-pulse protected= false hasCookie= true
[proxy] /api/boards/default/items/default:cddb5f86-c9c0-4329-ada3-f7dadb42cc03:circuit-pulse protected= false hasCookie= true
[proxy] /api/boards/default/items/default:cddb5f86-c9c0-4329-ada3-f7dadb42cc03:circuit-pulse protected= false hasCookie= true
[proxy] /api/boards/default/items/default:cddb5f86-c9c0-4329-ada3-f7dadb42cc03:circuit-pulse protected= false hasCookie= true
[proxy] /about protected= false hasCookie= true
[proxy] /about protected= false hasCookie= true
[proxy] /sandbox/index.html protected= false hasCookie= true
[proxy] /vendor/p5.min.js protected= false hasCookie= false
[proxy] /sandbox/index.html protected= false hasCookie= true
[proxy] /vendor/p5.min.js protected= false hasCookie= false
[proxy] /api/boards/default/items/default:cddb5f86-c9c0-4329-ada3-f7dadb42cc03:hud-array protected= false hasCookie= true
[proxy] /api/boards/default/items/default:cddb5f86-c9c0-4329-ada3-f7dadb42cc03:hud-array protected= false hasCookie= true
[proxy] /api/boards/default/items/default:cddb5f86-c9c0-4329-ada3-f7dadb42cc03:hud-array protected= false hasCookie= true
[proxy] /api/boards/default/items/default:cddb5f86-c9c0-4329-ada3-f7dadb42cc03:hud-array protected= false hasCookie= true
[proxy] /api/boards/default/items/default:cddb5f86-c9c0-4329-ada3-f7dadb42cc03:hud-array protected= false hasCookie= true
[proxy] /api/boards/default/items/default:cddb5f86-c9c0-4329-ada3-f7dadb42cc03:hud-array protected= false hasCookie= true
[proxy] /api/boards/default/items/default:cddb5f86-c9c0-4329-ada3-f7dadb42cc03:hud-array protected= false hasCookie= true
[proxy] /api/boards/default/items/default:cddb5f86-c9c0-4329-ada3-f7dadb42cc03:hud-array protected= false hasCookie= true
[proxy] /api/boards/default/items/default:cddb5f86-c9c0-4329-ada3-f7dadb42cc03:hud-array protected= false hasCookie= true
[proxy] /api/boards/default/items/default:cddb5f86-c9c0-4329-ada3-f7dadb42cc03:hud-array protected= false hasCookie= true
[proxy] /api/boards/default/items/default:cddb5f86-c9c0-4329-ada3-f7dadb42cc03:hud-array protected= false hasCookie= true
[proxy] /api/boards/default/items/default:cddb5f86-c9c0-4329-ada3-f7dadb42cc03:hud-array protected= false hasCookie= true
[proxy] /api/boards/default/items/default:cddb5f86-c9c0-4329-ada3-f7dadb42cc03:hud-array protected= false hasCookie= true
[proxy] /api/boards/default/items/default:cddb5f86-c9c0-4329-ada3-f7dadb42cc03:hud-array protected= false hasCookie= true
[proxy] /api/boards/default/items/default:cddb5f86-c9c0-4329-ada3-f7dadb42cc03:hud-array protected= false hasCookie= true
[proxy] /api/boards/default/items/default:cddb5f86-c9c0-4329-ada3-f7dadb42cc03:hud-array protected= false hasCookie= true
[proxy] /api/boards/default/items/default:cddb5f86-c9c0-4329-ada3-f7dadb42cc03:hud-array protected= false hasCookie= true
[proxy] /api/boards/default/items/default:cddb5f86-c9c0-4329-ada3-f7dadb42cc03:hud-array protected= false hasCookie= true
[proxy] /api/boards/default/items/default:cddb5f86-c9c0-4329-ada3-f7dadb42cc03:hud-array protected= false hasCookie= true
[proxy] /api/boards/default/items/default:cddb5f86-c9c0-4329-ada3-f7dadb42cc03:hud-array protected= false hasCookie= true
[proxy] /api/boards/default/items/default:cddb5f86-c9c0-4329-ada3-f7dadb42cc03:hud-array protected= false hasCookie= true
[proxy] /api/boards/default/items/default:cddb5f86-c9c0-4329-ada3-f7dadb42cc03:hud-array protected= false hasCookie= true
[proxy] /api/boards/default/items/default:cddb5f86-c9c0-4329-ada3-f7dadb42cc03:hud-array protected= false hasCookie= true
[proxy] /api/boards/default/items/default:cddb5f86-c9c0-4329-ada3-f7dadb42cc03:hud-array protected= false hasCookie= true
[proxy] /api/boards/default/items/default:cddb5f86-c9c0-4329-ada3-f7dadb42cc03:hud-array protected= false hasCookie= true
[proxy] /api/boards/default/items/default:cddb5f86-c9c0-4329-ada3-f7dadb42cc03:hud-array protected= false hasCookie= true
[proxy] /api/boards/default/items/default:cddb5f86-c9c0-4329-ada3-f7dadb42cc03:hud-array protected= false hasCookie= true
[proxy] /api/boards/default/items/default:cddb5f86-c9c0-4329-ada3-f7dadb42cc03:hud-array protected= false hasCookie= true
[proxy] /api/boards/default/items/default:cddb5f86-c9c0-4329-ada3-f7dadb42cc03:hud-array protected= false hasCookie= true
[proxy] /api/boards/default/items/default:cddb5f86-c9c0-4329-ada3-f7dadb42cc03:hud-array protected= false hasCookie= true
[proxy] /api/boards/default/items/default:cddb5f86-c9c0-4329-ada3-f7dadb42cc03:hud-array protected= false hasCookie= true
[proxy] /about protected= false hasCookie= true
[proxy] /about protected= false hasCookie= true
[proxy] /api/assets/digital-matrix-shader protected= false hasCookie= true
[proxy] /api/boards/default/items/default:cddb5f86-c9c0-4329-ada3-f7dadb42cc03:digital-matrix-shader protected= false hasCookie= true
[proxy] /api/boards/default/items/default:cddb5f86-c9c0-4329-ada3-f7dadb42cc03:digital-matrix-shader protected= false hasCookie= true
[proxy] /api/boards/default/items/default:cddb5f86-c9c0-4329-ada3-f7dadb42cc03:digital-matrix-shader protected= false hasCookie= true
[proxy] / protected= true hasCookie= true
[proxy] /about protected= false hasCookie= true
[proxy] /about protected= false hasCookie= true
[proxy] /sandbox/index.html protected= false hasCookie= true
[proxy] /vendor/p5.min.js protected= false hasCookie= false
[proxy] /sandbox/index.html protected= false hasCookie= true
[proxy] /vendor/p5.min.js protected= false hasCookie= false
[proxy] /api/assets/hud-array protected= false hasCookie= true
[proxy] /api/boards/default/items/default:cddb5f86-c9c0-4329-ada3-f7dadb42cc03:hud-array protected= false hasCookie= true
[proxy] /api/boards/default/items/default:cddb5f86-c9c0-4329-ada3-f7dadb42cc03:hud-array protected= false hasCookie= true
[proxy] /api/boards/default/items/default:cddb5f86-c9c0-4329-ada3-f7dadb42cc03:hud-array protected= false hasCookie= true
[proxy] /api/boards/default/items/default:cddb5f86-c9c0-4329-ada3-f7dadb42cc03:hud-array protected= false hasCookie= true
[proxy] /api/boards/default/items/default:cddb5f86-c9c0-4329-ada3-f7dadb42cc03:hud-array protected= false hasCookie= true
[proxy] /api/boards/default/items/default:cddb5f86-c9c0-4329-ada3-f7dadb42cc03:hud-array protected= false hasCookie= true
[proxy] /about protected= false hasCookie= true
[proxy] /about protected= false hasCookie= true
[proxy] /sandbox/index.html protected= false hasCookie= true
[proxy] /vendor/p5.min.js protected= false hasCookie= false
[proxy] /api/assets/chromatic-glitch protected= false hasCookie= true
[proxy] /api/boards/default/items/default:cddb5f86-c9c0-4329-ada3-f7dadb42cc03:chromatic-glitch protected= false hasCookie= true
[proxy] /api/boards/default/items/default:cddb5f86-c9c0-4329-ada3-f7dadb42cc03:chromatic-glitch protected= false hasCookie= true
[proxy] /api/boards/default/items/default:cddb5f86-c9c0-4329-ada3-f7dadb42cc03:chromatic-glitch protected= false hasCookie= true
[proxy] /sandbox/index.html protected= false hasCookie= true
[proxy] /vendor/p5.min.js protected= false hasCookie= false
[proxy] /sandbox/index.html protected= false hasCookie= true
[proxy] /vendor/p5.min.js protected= false hasCookie= false
[proxy] /api/assets/bio-core protected= false hasCookie= true
[proxy] /api/boards/default/items/default:cddb5f86-c9c0-4329-ada3-f7dadb42cc03:bio-core protected= false hasCookie= true
[proxy] /api/boards/default/items/default:cddb5f86-c9c0-4329-ada3-f7dadb42cc03:bio-core protected= false hasCookie= true
[proxy] /api/boards/default/items/default:cddb5f86-c9c0-4329-ada3-f7dadb42cc03:bio-core protected= false hasCookie= true
[proxy] /api/boards/default/items/default:cddb5f86-c9c0-4329-ada3-f7dadb42cc03:bio-core protected= false hasCookie= true
[proxy] /api/boards/default/items/default:cddb5f86-c9c0-4329-ada3-f7dadb42cc03:bio-core protected= false hasCookie= true
[proxy] /api/boards/default/items/default:cddb5f86-c9c0-4329-ada3-f7dadb42cc03:bio-core protected= false hasCookie= true
[proxy] /api/boards/default/items/default:cddb5f86-c9c0-4329-ada3-f7dadb42cc03:bio-core protected= false hasCookie= true
[proxy] /api/boards/default/items/default:cddb5f86-c9c0-4329-ada3-f7dadb42cc03:bio-core protected= false hasCookie= true
[proxy] /api/boards/default/items/default:cddb5f86-c9c0-4329-ada3-f7dadb42cc03:bio-core protected= false hasCookie= true
[proxy] /api/boards/default/items/default:cddb5f86-c9c0-4329-ada3-f7dadb42cc03:bio-core protected= false hasCookie= true
[proxy] /api/boards/default/items/default:cddb5f86-c9c0-4329-ada3-f7dadb42cc03:bio-core protected= false hasCookie= true
[proxy] /api/boards/default/items/default:cddb5f86-c9c0-4329-ada3-f7dadb42cc03:bio-core protected= false hasCookie= true
[proxy] /api/boards/default/items/default:cddb5f86-c9c0-4329-ada3-f7dadb42cc03:bio-core protected= false hasCookie= true
[proxy] /api/boards/default/items/default:cddb5f86-c9c0-4329-ada3-f7dadb42cc03:bio-core protected= false hasCookie= true
[proxy] /api/boards/default/items/default:cddb5f86-c9c0-4329-ada3-f7dadb42cc03:bio-core protected= false hasCookie= true
[proxy] /api/boards/default/items/default:cddb5f86-c9c0-4329-ada3-f7dadb42cc03:bio-core protected= false hasCookie= true
[proxy] /api/boards/default/items/default:cddb5f86-c9c0-4329-ada3-f7dadb42cc03:bio-core protected= false hasCookie= true
[proxy] /api/boards/default/items/default:cddb5f86-c9c0-4329-ada3-f7dadb42cc03:bio-core protected= false hasCookie= true
[proxy] /api/boards/default/items/default:cddb5f86-c9c0-4329-ada3-f7dadb42cc03:bio-core protected= false hasCookie= true
[proxy] /api/boards/default/items/default:cddb5f86-c9c0-4329-ada3-f7dadb42cc03:bio-core protected= false hasCookie= true
[proxy] /api/boards/default/items/default:cddb5f86-c9c0-4329-ada3-f7dadb42cc03:bio-core protected= false hasCookie= true
[proxy] /api/boards/default/items/default:cddb5f86-c9c0-4329-ada3-f7dadb42cc03:bio-core protected= false hasCookie= true
[proxy] /api/boards/default/items/default:cddb5f86-c9c0-4329-ada3-f7dadb42cc03:bio-core protected= false hasCookie= true
[proxy] /api/boards/default/items/default:cddb5f86-c9c0-4329-ada3-f7dadb42cc03:bio-core protected= false hasCookie= true
[proxy] /api/boards/default/items/default:cddb5f86-c9c0-4329-ada3-f7dadb42cc03:bio-core protected= false hasCookie= true
[proxy] /api/boards/default/items/default:cddb5f86-c9c0-4329-ada3-f7dadb42cc03:bio-core protected= false hasCookie= true
[proxy] /api/boards/default/items/default:cddb5f86-c9c0-4329-ada3-f7dadb42cc03:bio-core protected= false hasCookie= true
[proxy] /api/boards/default/items/default:cddb5f86-c9c0-4329-ada3-f7dadb42cc03:bio-core protected= false hasCookie= true
[proxy] /api/boards/default/items/default:cddb5f86-c9c0-4329-ada3-f7dadb42cc03:bio-core protected= false hasCookie= true
[proxy] /api/boards/default/items/default:cddb5f86-c9c0-4329-ada3-f7dadb42cc03:bio-core protected= false hasCookie= true
[proxy] /api/boards/default/items/default:cddb5f86-c9c0-4329-ada3-f7dadb42cc03:bio-core protected= false hasCookie= true
[proxy] /api/boards/default/items/default:cddb5f86-c9c0-4329-ada3-f7dadb42cc03:bio-core protected= false hasCookie= true
[proxy] /api/boards/default/items/default:cddb5f86-c9c0-4329-ada3-f7dadb42cc03:bio-core protected= false hasCookie= true
[proxy] /api/boards/default/items/default:cddb5f86-c9c0-4329-ada3-f7dadb42cc03:bio-core protected= false hasCookie= true
[proxy] /api/boards/default/items/default:cddb5f86-c9c0-4329-ada3-f7dadb42cc03:bio-core protected= false hasCookie= true
[proxy] /api/boards/default/items/default:cddb5f86-c9c0-4329-ada3-f7dadb42cc03:bio-core protected= false hasCookie= true
[proxy] /api/boards/default/items/default:cddb5f86-c9c0-4329-ada3-f7dadb42cc03:bio-core protected= false hasCookie= true
[proxy] /sounds/abstract-impact.wav protected= false hasCookie= true
[proxy] /api/boards/default/items/default:cddb5f86-c9c0-4329-ada3-f7dadb42cc03:bio-core protected= false hasCookie= true
[proxy] /api/boards/default/items/default:cddb5f86-c9c0-4329-ada3-f7dadb42cc03:bio-core protected= false hasCookie= true
[proxy] /about protected= false hasCookie= true
[proxy] /about protected= false hasCookie= true
[proxy] /sandbox/index.html protected= false hasCookie= true
[proxy] /vendor/p5.min.js protected= false hasCookie= false
[proxy] /api/boards/default/items/default:cddb5f86-c9c0-4329-ada3-f7dadb42cc03:circuit-pulse protected= false hasCookie= true
[proxy] /api/boards/default/items/default:cddb5f86-c9c0-4329-ada3-f7dadb42cc03:circuit-pulse protected= false hasCookie= true
[proxy] /api/boards/default/items/default:cddb5f86-c9c0-4329-ada3-f7dadb42cc03:circuit-pulse protected= false hasCookie= true
[proxy] /api/boards/default/items/default:cddb5f86-c9c0-4329-ada3-f7dadb42cc03:circuit-pulse protected= false hasCookie= true
[proxy] / protected= true hasCookie= true
[proxy] /about protected= false hasCookie= true
[proxy] /about protected= false hasCookie= true
[proxy] /sandbox/index.html protected= false hasCookie= true
[proxy] /vendor/p5.min.js protected= false hasCookie= false
[proxy] /api/boards/default/items/default:cddb5f86-c9c0-4329-ada3-f7dadb42cc03:bio-core protected= false hasCookie= true
[proxy] /sandbox/index.html protected= false hasCookie= true
[proxy] /vendor/p5.min.js protected= false hasCookie= false
[proxy] /sandbox/index.html protected= false hasCookie= true
[proxy] /vendor/p5.min.js protected= false hasCookie= false
[proxy] /api/boards/default/items/default:cddb5f86-c9c0-4329-ada3-f7dadb42cc03:hud-array protected= false hasCookie= true
[proxy] / protected= true hasCookie= true
[proxy] /about protected= false hasCookie= true
[proxy] /about protected= false hasCookie= true
[proxy] /sandbox/index.html protected= false hasCookie= true
[proxy] /vendor/p5.min.js protected= false hasCookie= false
[proxy] /api/assets/hud-array protected= false hasCookie= true
[proxy] /api/boards/default/items/default:cddb5f86-c9c0-4329-ada3-f7dadb42cc03:hud-array protected= false hasCookie= true
[proxy] /api/boards/default/items/default:cddb5f86-c9c0-4329-ada3-f7dadb42cc03:hud-array protected= false hasCookie= true
[proxy] /api/boards/default/items/default:cddb5f86-c9c0-4329-ada3-f7dadb42cc03:hud-array protected= false hasCookie= true
[proxy] /api/boards/default/items/default:cddb5f86-c9c0-4329-ada3-f7dadb42cc03:hud-array protected= false hasCookie= true
[proxy] /api/boards/default/items/default:cddb5f86-c9c0-4329-ada3-f7dadb42cc03:hud-array protected= false hasCookie= true
[proxy] /api/boards/default/items/default:cddb5f86-c9c0-4329-ada3-f7dadb42cc03:hud-array protected= false hasCookie= true
[proxy] /api/boards/default/items/default:cddb5f86-c9c0-4329-ada3-f7dadb42cc03:hud-array protected= false hasCookie= true
[proxy] /api/boards/default/items/default:cddb5f86-c9c0-4329-ada3-f7dadb42cc03:hud-array protected= false hasCookie= true
[proxy] /api/boards/default/items/default:cddb5f86-c9c0-4329-ada3-f7dadb42cc03:hud-array protected= false hasCookie= true
[proxy] /api/boards/default/items/default:cddb5f86-c9c0-4329-ada3-f7dadb42cc03:hud-array protected= false hasCookie= true
[proxy] /api/boards/default/items/default:cddb5f86-c9c0-4329-ada3-f7dadb42cc03:hud-array protected= false hasCookie= true
[proxy] /api/boards/default/items/default:cddb5f86-c9c0-4329-ada3-f7dadb42cc03:hud-array protected= false hasCookie= true
[proxy] /api/boards/default/items/default:cddb5f86-c9c0-4329-ada3-f7dadb42cc03:hud-array protected= false hasCookie= true
[proxy] /api/boards/default/items/default:cddb5f86-c9c0-4329-ada3-f7dadb42cc03:hud-array protected= false hasCookie= true
[proxy] /sandbox/index.html protected= false hasCookie= true
[proxy] /vendor/p5.min.js protected= false hasCookie= false
[proxy] /api/assets/bio-core protected= false hasCookie= true
[proxy] /api/boards/default/items/default:cddb5f86-c9c0-4329-ada3-f7dadb42cc03:bio-core protected= false hasCookie= true
[proxy] /sounds/abstract-impact.wav protected= false hasCookie= true
[proxy] /api/boards/default/items/default:cddb5f86-c9c0-4329-ada3-f7dadb42cc03:bio-core protected= false hasCookie= true
[proxy] /api/boards/default/items/default:cddb5f86-c9c0-4329-ada3-f7dadb42cc03:bio-core protected= false hasCookie= true
[proxy] /about protected= false hasCookie= true
[proxy] /about protected= false hasCookie= true
[proxy] /about protected= false hasCookie= true
(node:78963) MaxListenersExceededWarning: Possible EventEmitter memory leak detected. 11 drain listeners added to [Gzip]. MaxListeners is 10. Use emitter.setMaxListeners() to increase limit
(Use `node --trace-warnings ...` to show where the warning was created)
[proxy] / protected= true hasCookie= true
[proxy] /about protected= false hasCookie= true
[proxy] /about protected= false hasCookie= true
[proxy] /api/assets/cluster-bloom protected= false hasCookie= true
[proxy] /api/boards/default/items/default:cddb5f86-c9c0-4329-ada3-f7dadb42cc03:cluster-bloom protected= false hasCookie= true
[proxy] /api/boards/default/items/default:cddb5f86-c9c0-4329-ada3-f7dadb42cc03:cluster-bloom protected= false hasCookie= true
[proxy] /api/boards/default/items/default:cddb5f86-c9c0-4329-ada3-f7dadb42cc03:cluster-bloom protected= false hasCookie= true
[proxy] /api/boards/default/items/default:cddb5f86-c9c0-4329-ada3-f7dadb42cc03:cluster-bloom protected= false hasCookie= true
[proxy] /api/boards/default/items/default:cddb5f86-c9c0-4329-ada3-f7dadb42cc03:cluster-bloom protected= false hasCookie= true
[proxy] /api/boards/default/items/default:cddb5f86-c9c0-4329-ada3-f7dadb42cc03:cluster-bloom protected= false hasCookie= true
[proxy] /api/boards/default/items/default:cddb5f86-c9c0-4329-ada3-f7dadb42cc03:cluster-bloom protected= false hasCookie= true
[proxy] /api/boards/default/items/default:cddb5f86-c9c0-4329-ada3-f7dadb42cc03:cluster-bloom protected= false hasCookie= true
[proxy] /api/boards/default/items/default:cddb5f86-c9c0-4329-ada3-f7dadb42cc03:cluster-bloom protected= false hasCookie= true
[proxy] /api/boards/default/items/default:cddb5f86-c9c0-4329-ada3-f7dadb42cc03:cluster-bloom protected= false hasCookie= true
[proxy] /api/boards/default/items/default:cddb5f86-c9c0-4329-ada3-f7dadb42cc03:cluster-bloom protected= false hasCookie= true
[proxy] /api/boards/default/items/default:cddb5f86-c9c0-4329-ada3-f7dadb42cc03:cluster-bloom protected= false hasCookie= true
[proxy] /api/boards/default/items/default:cddb5f86-c9c0-4329-ada3-f7dadb42cc03:cluster-bloom protected= false hasCookie= true
[proxy] /api/boards/default/items/default:cddb5f86-c9c0-4329-ada3-f7dadb42cc03:cluster-bloom protected= false hasCookie= true
[proxy] /api/boards/default/items/default:cddb5f86-c9c0-4329-ada3-f7dadb42cc03:cluster-bloom protected= false hasCookie= true
[proxy] /api/boards/default/items/default:cddb5f86-c9c0-4329-ada3-f7dadb42cc03:cluster-bloom protected= false hasCookie= true
[proxy] /api/boards/default/items/default:cddb5f86-c9c0-4329-ada3-f7dadb42cc03:cluster-bloom protected= false hasCookie= true
[proxy] /api/boards/default/items/default:cddb5f86-c9c0-4329-ada3-f7dadb42cc03:cluster-bloom protected= false hasCookie= true
[proxy] /api/boards/default/items/default:cddb5f86-c9c0-4329-ada3-f7dadb42cc03:cluster-bloom protected= false hasCookie= true
[proxy] /api/boards/default/items/default:cddb5f86-c9c0-4329-ada3-f7dadb42cc03:cluster-bloom protected= false hasCookie= true
[proxy] /api/boards/default/items/default:cddb5f86-c9c0-4329-ada3-f7dadb42cc03:cluster-bloom protected= false hasCookie= true
[proxy] /api/boards/default/items/default:cddb5f86-c9c0-4329-ada3-f7dadb42cc03:cluster-bloom protected= false hasCookie= true
[proxy] /sandbox/index.html protected= false hasCookie= true
[proxy] /vendor/p5.min.js protected= false hasCookie= false
[proxy] /sandbox/index.html protected= false hasCookie= true
[proxy] /vendor/p5.min.js protected= false hasCookie= false
[proxy] /api/assets/refract-orb protected= false hasCookie= true
[proxy] /api/boards/default/items/default:cddb5f86-c9c0-4329-ada3-f7dadb42cc03:refract-orb protected= false hasCookie= true
[proxy] /api/boards/default/items/default:cddb5f86-c9c0-4329-ada3-f7dadb42cc03:refract-orb protected= false hasCookie= true
[proxy] /api/boards/default/items/default:cddb5f86-c9c0-4329-ada3-f7dadb42cc03:refract-orb protected= false hasCookie= true
[proxy] /api/boards/default/items/default:cddb5f86-c9c0-4329-ada3-f7dadb42cc03:refract-orb protected= false hasCookie= true
[proxy] /api/boards/default/items/default:cddb5f86-c9c0-4329-ada3-f7dadb42cc03:refract-orb protected= false hasCookie= true
[proxy] /api/boards/default/items/default:cddb5f86-c9c0-4329-ada3-f7dadb42cc03:refract-orb protected= false hasCookie= true
[proxy] /api/boards/default/items/default:cddb5f86-c9c0-4329-ada3-f7dadb42cc03:refract-orb protected= false hasCookie= true
[proxy] /about protected= false hasCookie= true
[proxy] /sandbox/index.html protected= false hasCookie= true
[proxy] /vendor/p5.min.js protected= false hasCookie= false
[proxy] /about protected= false hasCookie= true
[proxy] /api/assets/echo-type protected= false hasCookie= true
[proxy] /api/boards/default/items/default:cddb5f86-c9c0-4329-ada3-f7dadb42cc03:echo-type protected= false hasCookie= true
[proxy] /api/boards/default/items/default:cddb5f86-c9c0-4329-ada3-f7dadb42cc03:echo-type protected= false hasCookie= true
[proxy] /api/boards/default/items/default:cddb5f86-c9c0-4329-ada3-f7dadb42cc03:echo-type protected= false hasCookie= true
[proxy] /api/boards/default/items/default:cddb5f86-c9c0-4329-ada3-f7dadb42cc03:echo-type protected= false hasCookie= true
[proxy] /api/boards/default/items/default:cddb5f86-c9c0-4329-ada3-f7dadb42cc03:echo-type protected= false hasCookie= true
[proxy] /api/boards/default/items/default:cddb5f86-c9c0-4329-ada3-f7dadb42cc03:echo-type protected= false hasCookie= true
[proxy] /api/boards/default/items/default:cddb5f86-c9c0-4329-ada3-f7dadb42cc03:echo-type protected= false hasCookie= true
[proxy] / protected= true hasCookie= true
[proxy] /about protected= false hasCookie= true
[proxy] /about protected= false hasCookie= true
[proxy] /sandbox/index.html protected= false hasCookie= true
[proxy] /vendor/p5.min.js protected= false hasCookie= false
[proxy] /api/assets/echo-type protected= false hasCookie= true
[proxy] /api/boards/default/items/default:cddb5f86-c9c0-4329-ada3-f7dadb42cc03:echo-type protected= false hasCookie= true
[proxy] /api/boards/default/items/default:cddb5f86-c9c0-4329-ada3-f7dadb42cc03:echo-type protected= false hasCookie= true
[proxy] /api/boards/default/items/default:cddb5f86-c9c0-4329-ada3-f7dadb42cc03:echo-type protected= false hasCookie= true
[proxy] /api/boards/default/items/default:cddb5f86-c9c0-4329-ada3-f7dadb42cc03:echo-type protected= false hasCookie= true
[proxy] /api/boards/default/items/default:cddb5f86-c9c0-4329-ada3-f7dadb42cc03:echo-type protected= false hasCookie= true
[proxy] /api/boards/default/items/default:cddb5f86-c9c0-4329-ada3-f7dadb42cc03:echo-type protected= false hasCookie= true
[proxy] /api/boards/default/items/default:cddb5f86-c9c0-4329-ada3-f7dadb42cc03:echo-type protected= false hasCookie= true
[proxy] /api/boards/default/items/default:cddb5f86-c9c0-4329-ada3-f7dadb42cc03:echo-type protected= false hasCookie= true
[proxy] /api/assets/refract-orb protected= false hasCookie= true
[proxy] /api/assets/cluster-bloom protected= false hasCookie= true
[proxy] /api/boards/default/items/default:cddb5f86-c9c0-4329-ada3-f7dadb42cc03:cluster-bloom protected= false hasCookie= true
[proxy] /api/boards/default/items/default:cddb5f86-c9c0-4329-ada3-f7dadb42cc03:cluster-bloom protected= false hasCookie= true
[proxy] /api/boards/default/items/default:cddb5f86-c9c0-4329-ada3-f7dadb42cc03:cluster-bloom protected= false hasCookie= true
[proxy] /api/boards/default/items/default:cddb5f86-c9c0-4329-ada3-f7dadb42cc03:cluster-bloom protected= false hasCookie= true
[proxy] /api/boards/default/items/default:cddb5f86-c9c0-4329-ada3-f7dadb42cc03:cluster-bloom protected= false hasCookie= true
[proxy] /api/boards/default/items/default:cddb5f86-c9c0-4329-ada3-f7dadb42cc03:cluster-bloom protected= false hasCookie= true
[proxy] /about protected= false hasCookie= true
[proxy] /about protected= false hasCookie= true
[proxy] /about protected= false hasCookie= true
(node:78963) MaxListenersExceededWarning: Possible EventEmitter memory leak detected. 11 drain listeners added to [Gzip]. MaxListeners is 10. Use emitter.setMaxListeners() to increase limit
[proxy] / protected= true hasCookie= true
(node:78963) MaxListenersExceededWarning: Possible EventEmitter memory leak detected. 11 drain listeners added to [Gzip]. MaxListeners is 10. Use emitter.setMaxListeners() to increase limit
[proxy] /api/boards/default/items/default:cddb5f86-c9c0-4329-ada3-f7dadb42cc03:cluster-bloom protected= false hasCookie= true
[proxy] /api/boards/default/items/default:cddb5f86-c9c0-4329-ada3-f7dadb42cc03:cluster-bloom protected= false hasCookie= true
[proxy] /api/boards/default/items/default:cddb5f86-c9c0-4329-ada3-f7dadb42cc03:cluster-bloom protected= false hasCookie= true
[proxy] /api/boards/default/items/default:cddb5f86-c9c0-4329-ada3-f7dadb42cc03:cluster-bloom protected= false hasCookie= true
[proxy] /api/boards/default/items/default:cddb5f86-c9c0-4329-ada3-f7dadb42cc03:cluster-bloom protected= false hasCookie= true
[proxy] /api/boards/default/items/default:cddb5f86-c9c0-4329-ada3-f7dadb42cc03:cluster-bloom protected= false hasCookie= true
[proxy] /api/boards/default/items/default:cddb5f86-c9c0-4329-ada3-f7dadb42cc03:cluster-bloom protected= false hasCookie= true
[proxy] /api/boards/default/items/default:cddb5f86-c9c0-4329-ada3-f7dadb42cc03:cluster-bloom protected= false hasCookie= true
[proxy] /api/boards/default/items/default:cddb5f86-c9c0-4329-ada3-f7dadb42cc03:cluster-bloom protected= false hasCookie= true
[proxy] /api/boards/default/items/default:cddb5f86-c9c0-4329-ada3-f7dadb42cc03:cluster-bloom protected= false hasCookie= true
[proxy] /api/boards/default/items/default:cddb5f86-c9c0-4329-ada3-f7dadb42cc03:cluster-bloom protected= false hasCookie= true
[proxy] /api/boards/default/items/default:cddb5f86-c9c0-4329-ada3-f7dadb42cc03:cluster-bloom protected= false hasCookie= true
[proxy] /api/boards/default/items/default:cddb5f86-c9c0-4329-ada3-f7dadb42cc03:cluster-bloom protected= false hasCookie= true
[proxy] /api/boards/default/items/default:cddb5f86-c9c0-4329-ada3-f7dadb42cc03:cluster-bloom protected= false hasCookie= true
[proxy] /api/boards/default/items/default:cddb5f86-c9c0-4329-ada3-f7dadb42cc03:cluster-bloom protected= false hasCookie= true
[proxy] /about protected= false hasCookie= true
[proxy] /about protected= false hasCookie= true
[proxy] /sandbox/index.html protected= false hasCookie= true
[proxy] /vendor/p5.min.js protected= false hasCookie= false
[proxy] / protected= true hasCookie= true
[proxy] /about protected= false hasCookie= true
[proxy] /about protected= false hasCookie= true
[proxy] /api/assets/cluster-bloom protected= false hasCookie= true
[proxy] /api/boards/default/items/default:cddb5f86-c9c0-4329-ada3-f7dadb42cc03:cluster-bloom protected= false hasCookie= true
[proxy] /api/boards/default/items/default:cddb5f86-c9c0-4329-ada3-f7dadb42cc03:cluster-bloom protected= false hasCookie= true
[proxy] /api/boards/default/items/default:cddb5f86-c9c0-4329-ada3-f7dadb42cc03:cluster-bloom protected= false hasCookie= true
[proxy] /api/boards/default/items/default:cddb5f86-c9c0-4329-ada3-f7dadb42cc03:cluster-bloom protected= false hasCookie= true
[proxy] / protected= true hasCookie= true
[proxy] /about protected= false hasCookie= true
[proxy] /about protected= false hasCookie= true
[proxy] /api/assets/cluster-bloom protected= false hasCookie= true
[proxy] /api/boards/default/items/default:cddb5f86-c9c0-4329-ada3-f7dadb42cc03:cluster-bloom protected= false hasCookie= true
[proxy] / protected= true hasCookie= true
[proxy] /about protected= false hasCookie= true
[proxy] /about protected= false hasCookie= true
[proxy] / protected= true hasCookie= true
[proxy] /about protected= false hasCookie= true
[proxy] /about protected= false hasCookie= true
[proxy] /sandbox/index.html protected= false hasCookie= true
[proxy] /vendor/p5.min.js protected= false hasCookie= false
[proxy] /sandbox/index.html protected= false hasCookie= true
[proxy] /vendor/p5.min.js protected= false hasCookie= false
[proxy] /api/boards/default/items/default:cddb5f86-c9c0-4329-ada3-f7dadb42cc03:field-lines protected= false hasCookie= true
[proxy] /api/boards/default/items/default:cddb5f86-c9c0-4329-ada3-f7dadb42cc03:field-lines protected= false hasCookie= true
[proxy] /sandbox/index.html protected= false hasCookie= true
[proxy] /vendor/p5.min.js protected= false hasCookie= false
[proxy] /sandbox/index.html protected= false hasCookie= true
[proxy] /vendor/p5.min.js protected= false hasCookie= false
[proxy] /sounds/rising-star.wav protected= false hasCookie= true
[proxy] /api/boards/default/items/default:cddb5f86-c9c0-4329-ada3-f7dadb42cc03:star-field protected= false hasCookie= true
[proxy] /api/boards/default/items/default:cddb5f86-c9c0-4329-ada3-f7dadb42cc03:star-field protected= false hasCookie= true
[proxy] /sandbox/index.html protected= false hasCookie= true
[proxy] /vendor/p5.min.js protected= false hasCookie= false
[proxy] / protected= true hasCookie= true
[proxy] /about protected= false hasCookie= true
[proxy] /about protected= false hasCookie= true
[proxy] /sandbox/index.html protected= false hasCookie= true
[proxy] /vendor/p5.min.js protected= false hasCookie= false
[proxy] /api/boards/default/items/default:cddb5f86-c9c0-4329-ada3-f7dadb42cc03:field-lines protected= false hasCookie= true
[proxy] /api/boards/default/items/default:cddb5f86-c9c0-4329-ada3-f7dadb42cc03:field-lines protected= false hasCookie= true
[proxy] /sandbox/index.html protected= false hasCookie= true
[proxy] /vendor/p5.min.js protected= false hasCookie= false
[proxy] /sandbox/index.html protected= false hasCookie= true
[proxy] /vendor/p5.min.js protected= false hasCookie= false
[proxy] /sandbox/index.html protected= false hasCookie= true
[proxy] /vendor/p5.min.js protected= false hasCookie= false
[proxy] /sandbox/index.html protected= false hasCookie= true
[proxy] /vendor/p5.min.js protected= false hasCookie= false
[proxy] /sandbox/index.html protected= false hasCookie= true
[proxy] /vendor/p5.min.js protected= false hasCookie= false
[proxy] /api/boards/default/items/default:cddb5f86-c9c0-4329-ada3-f7dadb42cc03:field-lines protected= false hasCookie= true
▲ Next.js 16.3.0
- Local:         http://localhost:3000
- Network:       http://192.168.1.215:3000
✓ Ready in 282ms
✓ Running next.config.ts took 51ms
[proxy] / protected= true hasCookie= true
⚠ metadataBase property in metadata export is not set for resolving social open graph or twitter images, using "http://localhost:3000". See https://nextjs.org/docs/app/api-reference/functions/generate-metadata#metadatabase
[proxy] /about protected= false hasCookie= true
[proxy] /about protected= false hasCookie= true
[proxy] /sandbox/index.html protected= false hasCookie= true
[proxy] /vendor/p5.min.js protected= false hasCookie= false
[proxy] /sandbox/index.html protected= false hasCookie= true
[proxy] /vendor/p5.min.js protected= false hasCookie= false
[proxy] /sandbox/index.html protected= false hasCookie= true
[proxy] /vendor/p5.min.js protected= false hasCookie= false
[proxy] /sandbox/index.html protected= false hasCookie= true
[proxy] /vendor/p5.min.js protected= false hasCookie= false
[proxy] /api/boards/default/items/default:cddb5f86-c9c0-4329-ada3-f7dadb42cc03:field-lines protected= false hasCookie= true
[proxy] /about protected= false hasCookie= true
[proxy] /about protected= false hasCookie= true
▲ Next.js 16.3.0
- Local:         http://localhost:3000
- Network:       http://192.168.1.215:3000
✓ Ready in 297ms
✓ Running next.config.ts took 55ms
[proxy] / protected= true hasCookie= true
⚠ metadataBase property in metadata export is not set for resolving social open graph or twitter images, using "http://localhost:3000". See https://nextjs.org/docs/app/api-reference/functions/generate-metadata#metadatabase
[proxy] /about protected= false hasCookie= true
[proxy] /about protected= false hasCookie= true
[proxy] /sandbox/index.html protected= false hasCookie= true
[proxy] /vendor/p5.min.js protected= false hasCookie= false
[proxy] /api/boards/default/items/default:cddb5f86-c9c0-4329-ada3-f7dadb42cc03:field-lines protected= false hasCookie= true
[proxy] /api/boards/default/items/default:cddb5f86-c9c0-4329-ada3-f7dadb42cc03:field-lines protected= false hasCookie= true
[proxy] /api/boards/default/items/default:cddb5f86-c9c0-4329-ada3-f7dadb42cc03:field-lines protected= false hasCookie= true
[proxy] /api/boards/default/items/default:cddb5f86-c9c0-4329-ada3-f7dadb42cc03:field-lines protected= false hasCookie= true
[proxy] /api/boards/default/items/default:cddb5f86-c9c0-4329-ada3-f7dadb42cc03:field-lines protected= false hasCookie= true
[proxy] /api/boards/default/items/default:cddb5f86-c9c0-4329-ada3-f7dadb42cc03:field-lines protected= false hasCookie= true
[proxy] /api/boards/default/items/default:cddb5f86-c9c0-4329-ada3-f7dadb42cc03:field-lines protected= false hasCookie= true
[proxy] /api/boards/default/items/default:cddb5f86-c9c0-4329-ada3-f7dadb42cc03:field-lines protected= false hasCookie= true
[proxy] /api/boards/default/items/default:cddb5f86-c9c0-4329-ada3-f7dadb42cc03:field-lines protected= false hasCookie= true
[proxy] /api/boards/default/items/default:cddb5f86-c9c0-4329-ada3-f7dadb42cc03:field-lines protected= false hasCookie= true
[proxy] /api/boards/default/items/default:cddb5f86-c9c0-4329-ada3-f7dadb42cc03:field-lines protected= false hasCookie= true
[proxy] /api/boards/default/items/default:cddb5f86-c9c0-4329-ada3-f7dadb42cc03:field-lines protected= false hasCookie= true
[proxy] /api/boards/default/items/default:cddb5f86-c9c0-4329-ada3-f7dadb42cc03:field-lines protected= false hasCookie= true
[proxy] /about protected= false hasCookie= true
[proxy] /about protected= false hasCookie= true
[proxy] /sandbox/index.html protected= false hasCookie= true
[proxy] /vendor/p5.min.js protected= false hasCookie= false
[proxy] /sandbox/index.html protected= false hasCookie= true
[proxy] /vendor/p5.min.js protected= false hasCookie= false
[proxy] /sandbox/index.html protected= false hasCookie= true
[proxy] /vendor/p5.min.js protected= false hasCookie= false
[proxy] /sandbox/index.html protected= false hasCookie= true
[proxy] /vendor/p5.min.js protected= false hasCookie= false
[proxy] /sandbox/index.html protected= false hasCookie= true
[proxy] /vendor/p5.min.js protected= false hasCookie= false
[proxy] /api/boards/default/items/default:cddb5f86-c9c0-4329-ada3-f7dadb42cc03:star-field protected= false hasCookie= true
[proxy] /api/boards/default/items/default:cddb5f86-c9c0-4329-ada3-f7dadb42cc03:star-field protected= false hasCookie= true
[proxy] /api/boards/default/items/default:cddb5f86-c9c0-4329-ada3-f7dadb42cc03:star-field protected= false hasCookie= true
[proxy] /api/boards/default/items/default:cddb5f86-c9c0-4329-ada3-f7dadb42cc03:star-field protected= false hasCookie= true
[proxy] /api/boards/default/items/default:cddb5f86-c9c0-4329-ada3-f7dadb42cc03:star-field protected= false hasCookie= true
[proxy] /api/boards/default/items/default:cddb5f86-c9c0-4329-ada3-f7dadb42cc03:star-field protected= false hasCookie= true
[proxy] /api/boards/default/items/default:cddb5f86-c9c0-4329-ada3-f7dadb42cc03:star-field protected= false hasCookie= true
[proxy] /api/boards/default/items/default:cddb5f86-c9c0-4329-ada3-f7dadb42cc03:star-field protected= false hasCookie= true
[proxy] /api/boards/default/items/default:cddb5f86-c9c0-4329-ada3-f7dadb42cc03:star-field protected= false hasCookie= true
[proxy] /api/boards/default/items/default:cddb5f86-c9c0-4329-ada3-f7dadb42cc03:star-field protected= false hasCookie= true
[proxy] /api/boards/default/items/default:cddb5f86-c9c0-4329-ada3-f7dadb42cc03:star-field protected= false hasCookie= true
[proxy] /api/boards/default/items/default:cddb5f86-c9c0-4329-ada3-f7dadb42cc03:star-field protected= false hasCookie= true
[proxy] /api/boards/default/items/default:cddb5f86-c9c0-4329-ada3-f7dadb42cc03:star-field protected= false hasCookie= true
[proxy] /api/boards/default/items/default:cddb5f86-c9c0-4329-ada3-f7dadb42cc03:star-field protected= false hasCookie= true
[proxy] /api/boards/default/items/default:cddb5f86-c9c0-4329-ada3-f7dadb42cc03:star-field protected= false hasCookie= true
[proxy] /api/boards/default/items/default:cddb5f86-c9c0-4329-ada3-f7dadb42cc03:star-field protected= false hasCookie= true
[proxy] /about protected= false hasCookie= true
[proxy] /about protected= false hasCookie= true
[proxy] /sandbox/index.html protected= false hasCookie= true
[proxy] /sandbox/index.html protected= false hasCookie= true
[proxy] /vendor/p5.min.js protected= false hasCookie= false
[proxy] /sandbox/index.html protected= false hasCookie= true
[proxy] /vendor/p5.min.js protected= false hasCookie= false
[proxy] /api/assets/particle-burst protected= false hasCookie= true
▲ Next.js 16.3.0
- Local:         http://localhost:3000
- Network:       http://192.168.1.215:3000
✓ Ready in 412ms
✓ Running next.config.ts took 148ms
[proxy] / protected= true hasCookie= true
⚠ metadataBase property in metadata export is not set for resolving social open graph or twitter images, using "http://localhost:3000". See https://nextjs.org/docs/app/api-reference/functions/generate-metadata#metadatabase
[proxy] /about protected= false hasCookie= true
[proxy] /about protected= false hasCookie= true
[proxy] /sandbox/index.html protected= false hasCookie= true
[proxy] /vendor/p5.min.js protected= false hasCookie= false
[proxy] /sandbox/index.html protected= false hasCookie= true
[proxy] /vendor/p5.min.js protected= false hasCookie= false
[proxy] /sandbox/index.html protected= false hasCookie= true
[proxy] /vendor/p5.min.js protected= false hasCookie= false
[proxy] /sandbox/index.html protected= false hasCookie= true
[proxy] /vendor/p5.min.js protected= false hasCookie= false
[proxy] /sandbox/index.html protected= false hasCookie= true
[proxy] /vendor/p5.min.js protected= false hasCookie= false
[proxy] /sandbox/index.html protected= false hasCookie= true
[proxy] /vendor/p5.min.js protected= false hasCookie= false
[proxy] /sandbox/index.html protected= false hasCookie= true
[proxy] /vendor/p5.min.js protected= false hasCookie= false
[proxy] /sandbox/index.html protected= false hasCookie= true
[proxy] /vendor/p5.min.js protected= false hasCookie= false
[proxy] /sandbox/index.html protected= false hasCookie= true
[proxy] /vendor/p5.min.js protected= false hasCookie= false
[proxy] /api/boards/default/items/default:cddb5f86-c9c0-4329-ada3-f7dadb42cc03:field-lines protected= false hasCookie= true
[proxy] /sandbox/index.html protected= false hasCookie= true
[proxy] /vendor/p5.min.js protected= false hasCookie= false
[proxy] /about protected= false hasCookie= true
[proxy] /about protected= false hasCookie= true
[proxy] /sandbox/index.html protected= false hasCookie= true
[proxy] /vendor/p5.min.js protected= false hasCookie= false
[proxy] /sandbox/index.html protected= false hasCookie= true
[proxy] /vendor/p5.min.js protected= false hasCookie= false
[proxy] /sandbox/index.html protected= false hasCookie= true
[proxy] /vendor/p5.min.js protected= false hasCookie= false
[proxy] /sandbox/index.html protected= false hasCookie= true
[proxy] /vendor/p5.min.js protected= false hasCookie= false
[proxy] /sandbox/index.html protected= false hasCookie= true
[proxy] /vendor/p5.min.js protected= false hasCookie= false
[proxy] /sandbox/index.html protected= false hasCookie= true
[proxy] /vendor/p5.min.js protected= false hasCookie= false
▲ Next.js 16.3.0
- Local:         http://localhost:3000
- Network:       http://192.168.1.215:3000
✓ Ready in 276ms
✓ Running next.config.ts took 48ms
[proxy] / protected= true hasCookie= true
⚠ metadataBase property in metadata export is not set for resolving social open graph or twitter images, using "http://localhost:3000". See https://nextjs.org/docs/app/api-reference/functions/generate-metadata#metadatabase
[proxy] /about protected= false hasCookie= true
[proxy] /about protected= false hasCookie= true
[proxy] /sandbox/index.html protected= false hasCookie= true
[proxy] /vendor/p5.min.js protected= false hasCookie= false
[proxy] /sandbox/index.html protected= false hasCookie= true
[proxy] /vendor/p5.min.js protected= false hasCookie= false
[proxy] /sandbox/index.html protected= false hasCookie= true
[proxy] /vendor/p5.min.js protected= false hasCookie= false
[proxy] /sandbox/index.html protected= false hasCookie= true
[proxy] /vendor/p5.min.js protected= false hasCookie= false
[proxy] /sandbox/index.html protected= false hasCookie= true
[proxy] /vendor/p5.min.js protected= false hasCookie= false
[proxy] /sandbox/index.html protected= false hasCookie= true
[proxy] /vendor/p5.min.js protected= false hasCookie= false
[proxy] /api/boards/default/items/default:cddb5f86-c9c0-4329-ada3-f7dadb42cc03:field-lines protected= false hasCookie= true
[proxy] /api/boards/default/items/default:cddb5f86-c9c0-4329-ada3-f7dadb42cc03:field-lines protected= false hasCookie= true
[proxy] /about protected= false hasCookie= true
[proxy] /about protected= false hasCookie= true
[proxy] /sandbox/index.html protected= false hasCookie= true
[proxy] /vendor/p5.min.js protected= false hasCookie= false
[proxy] /sandbox/index.html protected= false hasCookie= true
[proxy] /vendor/p5.min.js protected= false hasCookie= false
[proxy] /sandbox/index.html protected= false hasCookie= true
[proxy] /vendor/p5.min.js protected= false hasCookie= false
[proxy] /api/boards/default/items/default:cddb5f86-c9c0-4329-ada3-f7dadb42cc03:static-choir protected= false hasCookie= true
[proxy] /api/boards/default/items/default:cddb5f86-c9c0-4329-ada3-f7dadb42cc03:static-choir protected= false hasCookie= true
[proxy] /api/boards/default/items/default:cddb5f86-c9c0-4329-ada3-f7dadb42cc03:static-choir protected= false hasCookie= true
[proxy] /api/boards/default/items/default:cddb5f86-c9c0-4329-ada3-f7dadb42cc03:static-choir protected= false hasCookie= true
[proxy] /api/boards/default/items/default:cddb5f86-c9c0-4329-ada3-f7dadb42cc03:static-choir protected= false hasCookie= true
[proxy] /api/boards/default/items/default:cddb5f86-c9c0-4329-ada3-f7dadb42cc03:static-choir protected= false hasCookie= true
[proxy] /api/boards/default/items/default:cddb5f86-c9c0-4329-ada3-f7dadb42cc03:static-choir protected= false hasCookie= true
[proxy] /api/boards/default/items/default:cddb5f86-c9c0-4329-ada3-f7dadb42cc03:static-choir protected= false hasCookie= true
[proxy] /api/boards/default/items/default:cddb5f86-c9c0-4329-ada3-f7dadb42cc03:static-choir protected= false hasCookie= true
[proxy] /api/boards/default/items/default:cddb5f86-c9c0-4329-ada3-f7dadb42cc03:static-choir protected= false hasCookie= true
[proxy] /api/boards/default/items/default:cddb5f86-c9c0-4329-ada3-f7dadb42cc03:static-choir protected= false hasCookie= true
[proxy] /api/boards/default/items/default:cddb5f86-c9c0-4329-ada3-f7dadb42cc03:static-choir protected= false hasCookie= true
[proxy] /api/boards/default/items/default:cddb5f86-c9c0-4329-ada3-f7dadb42cc03:static-choir protected= false hasCookie= true
[proxy] /api/boards/default/items/default:cddb5f86-c9c0-4329-ada3-f7dadb42cc03:static-choir protected= false hasCookie= true
[proxy] /api/boards/default/items/default:cddb5f86-c9c0-4329-ada3-f7dadb42cc03:static-choir protected= false hasCookie= true
[proxy] /api/boards/default/items/default:cddb5f86-c9c0-4329-ada3-f7dadb42cc03:static-choir protected= false hasCookie= true
[proxy] /api/boards/default/items/default:cddb5f86-c9c0-4329-ada3-f7dadb42cc03:static-choir protected= false hasCookie= true
[proxy] /api/boards/default/items/default:cddb5f86-c9c0-4329-ada3-f7dadb42cc03:static-choir protected= false hasCookie= true
[proxy] /api/boards/default/items/default:cddb5f86-c9c0-4329-ada3-f7dadb42cc03:static-choir protected= false hasCookie= true
[proxy] /api/boards/default/items/default:cddb5f86-c9c0-4329-ada3-f7dadb42cc03:static-choir protected= false hasCookie= true
[proxy] /api/boards/default/items/default:cddb5f86-c9c0-4329-ada3-f7dadb42cc03:static-choir protected= false hasCookie= true
[proxy] /api/boards/default/items/default:cddb5f86-c9c0-4329-ada3-f7dadb42cc03:static-choir protected= false hasCookie= true
[proxy] /api/boards/default/items/default:cddb5f86-c9c0-4329-ada3-f7dadb42cc03:static-choir protected= false hasCookie= true
[proxy] /api/boards/default/items/default:cddb5f86-c9c0-4329-ada3-f7dadb42cc03:static-choir protected= false hasCookie= true
[proxy] /api/boards/default/items/default:cddb5f86-c9c0-4329-ada3-f7dadb42cc03:static-choir protected= false hasCookie= true
[proxy] /api/boards/default/items/default:cddb5f86-c9c0-4329-ada3-f7dadb42cc03:static-choir protected= false hasCookie= true
[proxy] /api/boards/default/items/default:cddb5f86-c9c0-4329-ada3-f7dadb42cc03:static-choir protected= false hasCookie= true
[proxy] /api/boards/default/items/default:cddb5f86-c9c0-4329-ada3-f7dadb42cc03:static-choir protected= false hasCookie= true
[proxy] /api/boards/default/items/default:cddb5f86-c9c0-4329-ada3-f7dadb42cc03:static-choir protected= false hasCookie= true
[proxy] /api/boards/default/items/default:cddb5f86-c9c0-4329-ada3-f7dadb42cc03:static-choir protected= false hasCookie= true
[proxy] /api/boards/default/items/default:cddb5f86-c9c0-4329-ada3-f7dadb42cc03:static-choir protected= false hasCookie= true
[proxy] /api/boards/default/items/default:cddb5f86-c9c0-4329-ada3-f7dadb42cc03:static-choir protected= false hasCookie= true
[proxy] /api/boards/default/items/default:cddb5f86-c9c0-4329-ada3-f7dadb42cc03:static-choir protected= false hasCookie= true
[proxy] /api/boards/default/items/default:cddb5f86-c9c0-4329-ada3-f7dadb42cc03:static-choir protected= false hasCookie= true
[proxy] /api/boards/default/items/default:cddb5f86-c9c0-4329-ada3-f7dadb42cc03:static-choir protected= false hasCookie= true
[proxy] /api/boards/default/items/default:cddb5f86-c9c0-4329-ada3-f7dadb42cc03:static-choir protected= false hasCookie= true
[proxy] /api/boards/default/items/default:cddb5f86-c9c0-4329-ada3-f7dadb42cc03:static-choir protected= false hasCookie= true
[proxy] /api/boards/default/items/default:cddb5f86-c9c0-4329-ada3-f7dadb42cc03:static-choir protected= false hasCookie= true
[proxy] /api/boards/default/items/default:cddb5f86-c9c0-4329-ada3-f7dadb42cc03:static-choir protected= false hasCookie= true
[proxy] /api/boards/default/items/default:cddb5f86-c9c0-4329-ada3-f7dadb42cc03:static-choir protected= false hasCookie= true
[proxy] /api/boards/default/items/default:cddb5f86-c9c0-4329-ada3-f7dadb42cc03:static-choir protected= false hasCookie= true
[proxy] /api/boards/default/items/default:cddb5f86-c9c0-4329-ada3-f7dadb42cc03:static-choir protected= false hasCookie= true
[proxy] /api/boards/default/items/default:cddb5f86-c9c0-4329-ada3-f7dadb42cc03:static-choir protected= false hasCookie= true
[proxy] /api/boards/default/items/default:cddb5f86-c9c0-4329-ada3-f7dadb42cc03:static-choir protected= false hasCookie= true
[proxy] /about protected= false hasCookie= true
[proxy] /about protected= false hasCookie= true
[proxy] /sandbox/index.html protected= false hasCookie= true
[proxy] /vendor/p5.min.js protected= false hasCookie= false
[proxy] /sandbox/index.html protected= false hasCookie= true
[proxy] /vendor/p5.min.js protected= false hasCookie= false
[proxy] /api/boards/default/items/default:cddb5f86-c9c0-4329-ada3-f7dadb42cc03:field-lines protected= false hasCookie= true
[proxy] /api/boards/default/items/default:cddb5f86-c9c0-4329-ada3-f7dadb42cc03:field-lines protected= false hasCookie= true
[proxy] /api/boards/default/items/default:cddb5f86-c9c0-4329-ada3-f7dadb42cc03:field-lines protected= false hasCookie= true
[proxy] /sandbox/index.html protected= false hasCookie= true
[proxy] /vendor/p5.min.js protected= false hasCookie= false
▲ Next.js 16.3.0
- Local:         http://localhost:3000
- Network:       http://192.168.1.215:3000
✓ Ready in 277ms
✓ Running next.config.ts took 48ms
[proxy] / protected= true hasCookie= true
⚠ metadataBase property in metadata export is not set for resolving social open graph or twitter images, using "http://localhost:3000". See https://nextjs.org/docs/app/api-reference/functions/generate-metadata#metadatabase
[proxy] /about protected= false hasCookie= true
[proxy] /about protected= false hasCookie= true
[proxy] /sandbox/index.html protected= false hasCookie= true
[proxy] /sandbox/index.html protected= false hasCookie= true
[proxy] /vendor/p5.min.js protected= false hasCookie= false
[proxy] /sandbox/index.html protected= false hasCookie= true
[proxy] /vendor/p5.min.js protected= false hasCookie= false
[proxy] /sandbox/index.html protected= false hasCookie= true
[proxy] /vendor/p5.min.js protected= false hasCookie= false
[proxy] /api/boards/default/items/default:cddb5f86-c9c0-4329-ada3-f7dadb42cc03:static-choir protected= false hasCookie= true
[proxy] /api/boards/default/items/default:cddb5f86-c9c0-4329-ada3-f7dadb42cc03:static-choir protected= false hasCookie= true
[proxy] /api/boards/default/items/default:cddb5f86-c9c0-4329-ada3-f7dadb42cc03:static-choir protected= false hasCookie= true
[proxy] /api/boards/default/items/default:cddb5f86-c9c0-4329-ada3-f7dadb42cc03:static-choir protected= false hasCookie= true
[proxy] /api/boards/default/items/default:cddb5f86-c9c0-4329-ada3-f7dadb42cc03:static-choir protected= false hasCookie= true
[proxy] /sandbox/index.html protected= false hasCookie= true
[proxy] /vendor/p5.min.js protected= false hasCookie= false
[proxy] /sandbox/index.html protected= false hasCookie= true
[proxy] /vendor/p5.min.js protected= false hasCookie= false
[proxy] /sandbox/index.html protected= false hasCookie= true
[proxy] /vendor/p5.min.js protected= false hasCookie= false
[proxy] /sandbox/index.html protected= false hasCookie= true
[proxy] /vendor/p5.min.js protected= false hasCookie= false
[proxy] /sandbox/index.html protected= false hasCookie= true
[proxy] /vendor/p5.min.js protected= false hasCookie= false
[proxy] /api/boards/default/items/default:cddb5f86-c9c0-4329-ada3-f7dadb42cc03:field-lines protected= false hasCookie= true
[proxy] /api/boards/default/items/default:cddb5f86-c9c0-4329-ada3-f7dadb42cc03:field-lines protected= false hasCookie= true
[proxy] /api/boards/default/items/default:cddb5f86-c9c0-4329-ada3-f7dadb42cc03:field-lines protected= false hasCookie= true
[proxy] /api/boards/default/items/default:cddb5f86-c9c0-4329-ada3-f7dadb42cc03:field-lines protected= false hasCookie= true
[proxy] /api/boards/default/items/default:cddb5f86-c9c0-4329-ada3-f7dadb42cc03:field-lines protected= false hasCookie= true
[proxy] /api/boards/default/items/default:cddb5f86-c9c0-4329-ada3-f7dadb42cc03:field-lines protected= false hasCookie= true
[proxy] /api/boards/default/items/default:cddb5f86-c9c0-4329-ada3-f7dadb42cc03:field-lines protected= false hasCookie= true
[proxy] /api/boards/default/items/default:cddb5f86-c9c0-4329-ada3-f7dadb42cc03:field-lines protected= false hasCookie= true
[proxy] /api/boards/default/items/default:cddb5f86-c9c0-4329-ada3-f7dadb42cc03:field-lines protected= false hasCookie= true
[proxy] /api/boards/default/items/default:cddb5f86-c9c0-4329-ada3-f7dadb42cc03:field-lines protected= false hasCookie= true
[proxy] /api/boards/default/items/default:cddb5f86-c9c0-4329-ada3-f7dadb42cc03:field-lines protected= false hasCookie= true
[proxy] /api/boards/default/items/default:cddb5f86-c9c0-4329-ada3-f7dadb42cc03:field-lines protected= false hasCookie= true
[proxy] /api/boards/default/items/default:cddb5f86-c9c0-4329-ada3-f7dadb42cc03:field-lines protected= false hasCookie= true
[proxy] /api/boards/default/items/default:cddb5f86-c9c0-4329-ada3-f7dadb42cc03:field-lines protected= false hasCookie= true
[proxy] /api/boards/default/items/default:cddb5f86-c9c0-4329-ada3-f7dadb42cc03:field-lines protected= false hasCookie= true
[proxy] /api/boards/default/items/default:cddb5f86-c9c0-4329-ada3-f7dadb42cc03:field-lines protected= false hasCookie= true
[proxy] /api/boards/default/items/default:cddb5f86-c9c0-4329-ada3-f7dadb42cc03:field-lines protected= false hasCookie= true
[proxy] /api/boards/default/items/default:cddb5f86-c9c0-4329-ada3-f7dadb42cc03:field-lines protected= false hasCookie= true
[proxy] /api/boards/default/items/default:cddb5f86-c9c0-4329-ada3-f7dadb42cc03:field-lines protected= false hasCookie= true
[proxy] /api/boards/default/items/default:cddb5f86-c9c0-4329-ada3-f7dadb42cc03:field-lines protected= false hasCookie= true
[proxy] /about protected= false hasCookie= true
[proxy] /about protected= false hasCookie= true
[proxy] /api/boards/default/items/default:cddb5f86-c9c0-4329-ada3-f7dadb42cc03:digital-matrix-shader protected= false hasCookie= true
[proxy] /api/boards/default/items/default:cddb5f86-c9c0-4329-ada3-f7dadb42cc03:digital-matrix-shader protected= false hasCookie= true
[proxy] /api/boards/default/items/default:cddb5f86-c9c0-4329-ada3-f7dadb42cc03:digital-matrix-shader protected= false hasCookie= true
[proxy] /api/boards/default/items/default:cddb5f86-c9c0-4329-ada3-f7dadb42cc03:digital-matrix-shader protected= false hasCookie= true
[proxy] /api/boards/default/items/default:cddb5f86-c9c0-4329-ada3-f7dadb42cc03:digital-matrix-shader protected= false hasCookie= true
[proxy] /api/boards/default/items/default:cddb5f86-c9c0-4329-ada3-f7dadb42cc03:digital-matrix-shader protected= false hasCookie= true
[proxy] /api/boards/default/items/default:cddb5f86-c9c0-4329-ada3-f7dadb42cc03:digital-matrix-shader protected= false hasCookie= true
[proxy] /api/boards/default/items/default:cddb5f86-c9c0-4329-ada3-f7dadb42cc03:digital-matrix-shader protected= false hasCookie= true
[proxy] /api/boards/default/items/default:cddb5f86-c9c0-4329-ada3-f7dadb42cc03:digital-matrix-shader protected= false hasCookie= true
[proxy] /api/boards/default/items/default:cddb5f86-c9c0-4329-ada3-f7dadb42cc03:digital-matrix-shader protected= false hasCookie= true
[proxy] /api/boards/default/items/default:cddb5f86-c9c0-4329-ada3-f7dadb42cc03:digital-matrix-shader protected= false hasCookie= true
[proxy] /sandbox/index.html protected= false hasCookie= true
[proxy] /vendor/p5.min.js protected= false hasCookie= false
[proxy] /sandbox/index.html protected= false hasCookie= true
[proxy] /vendor/p5.min.js protected= false hasCookie= false
[proxy] /sandbox/index.html protected= false hasCookie= true
[proxy] /vendor/p5.min.js protected= false hasCookie= false
[proxy] /sandbox/index.html protected= false hasCookie= true
[proxy] /vendor/p5.min.js protected= false hasCookie= false
[proxy] /sandbox/index.html protected= false hasCookie= true
[proxy] /vendor/p5.min.js protected= false hasCookie= false
[proxy] /about protected= false hasCookie= true
[proxy] /about protected= false hasCookie= true
[proxy] /api/boards/default/items/default:cddb5f86-c9c0-4329-ada3-f7dadb42cc03:acid-melt protected= false hasCookie= true
[proxy] /api/boards/default/items/default:cddb5f86-c9c0-4329-ada3-f7dadb42cc03:acid-melt protected= false hasCookie= true
[proxy] /api/boards/default/items/default:cddb5f86-c9c0-4329-ada3-f7dadb42cc03:isometric-grid protected= false hasCookie= true
[proxy] /api/boards/default/items/default:cddb5f86-c9c0-4329-ada3-f7dadb42cc03:isometric-grid protected= false hasCookie= true
[proxy] /api/boards/default/items/default:cddb5f86-c9c0-4329-ada3-f7dadb42cc03:isometric-grid protected= false hasCookie= true
[proxy] /about protected= false hasCookie= true
[proxy] /about protected= false hasCookie= true
▲ Next.js 16.3.0
- Local:         http://localhost:3000
- Network:       http://192.168.1.215:3000
✓ Ready in 352ms
✓ Running next.config.ts took 93ms
[proxy] / protected= true hasCookie= true
⚠ metadataBase property in metadata export is not set for resolving social open graph or twitter images, using "http://localhost:3000". See https://nextjs.org/docs/app/api-reference/functions/generate-metadata#metadatabase
[proxy] /about protected= false hasCookie= true
[proxy] /about protected= false hasCookie= true
⨯ Failed to start server
Error: listen EADDRINUSE: address already in use :::3000
    at <unknown> (Error: listen EADDRINUSE: address already in use :::3000)
    at new Promise (<anonymous>) {
  code: 'EADDRINUSE',
  errno: -48,
  syscall: 'listen',
  address: '::',
  port: 3000
}
▲ Next.js 16.3.0
- Local:         http://localhost:3000
- Network:       http://192.168.1.215:3000
✓ Ready in 280ms
✓ Running next.config.ts took 52ms
▲ Next.js 16.3.0
- Local:         http://localhost:3000
- Network:       http://192.168.1.215:3000
✓ Ready in 291ms
✓ Running next.config.ts took 56ms
▲ Next.js 16.3.0
- Local:         http://localhost:3000
- Network:       http://192.168.1.215:3000
✓ Ready in 287ms
✓ Running next.config.ts took 52ms
▲ Next.js 16.3.0
- Local:         http://localhost:3000
- Network:       http://192.168.1.215:3000
✓ Ready in 271ms
✓ Running next.config.ts took 48ms
▲ Next.js 16.3.0
- Local:         http://localhost:3000
- Network:       http://192.168.1.215:3000
✓ Ready in 292ms
✓ Running next.config.ts took 52ms
[proxy] / protected= true hasCookie= true
⚠ metadataBase property in metadata export is not set for resolving social open graph or twitter images, using "http://localhost:3000". See https://nextjs.org/docs/app/api-reference/functions/generate-metadata#metadatabase
[proxy] / protected= true hasCookie= true
⨯ Failed to start server
Error: listen EADDRINUSE: address already in use :::3000
    at <unknown> (Error: listen EADDRINUSE: address already in use :::3000)
    at new Promise (<anonymous>) {
  code: 'EADDRINUSE',
  errno: -48,
  syscall: 'listen',
  address: '::',
  port: 3000
}
[proxy] / protected= true hasCookie= true
